date,buy_price,sell_price
2015-01-01,34950,35150
2015-01-02,34900,35150
2015-01-03,34900,35200
2015-01-04,34900,35200
2015-01-05,35080,35180
2015-01-06,35190,35260
2015-01-07,35210,35300
2015-01-08,35130,35220
2015-01-09,35110,35210
2015-01-10,35180,35270
2015-01-11,35180,35270
2015-01-12,35180,35270
2015-01-13,35270,35360
2015-01-14,35220,35310
2015-01-15,35210,35300
2015-01-16,35380,35470
2015-01-17,35510,35600
2015-01-18,35510,35600
2015-01-19,35470,35560
2015-01-20,35470,35560
2015-01-21,35730,35820
2015-01-22,35610,35700
2015-01-23,35610,35700
2015-01-24,35600,35690
2015-01-25,35600,35690
2015-01-26,35460,35550
2015-01-27,35330,35420
2015-01-28,35350,35440
2015-01-29,35320,35410
2015-01-30,35240,35330
2015-01-31,35360,35450
2015-02-01,35360,35450
2015-02-02,35250,35340
2015-02-03,35270,35380
2015-02-04,35210,35300
2015-02-05,35230,35320
2015-02-06,35250,35340
2015-02-07,35110,35200
2015-02-08,35110,35200
2015-02-09,35200,35290
2015-02-10,35210,35300
2015-02-11,35210,35300
2015-02-12,35240,35330
2015-02-13,35300,35420
2015-02-14,35350,35470
2015-02-15,35350,35470
2015-02-16,35600,35800
2015-02-17,35600,35800
2015-02-18,35600,35800
2015-02-19,35600,35800
2015-02-20,35600,35800
2015-02-21,35600,35800
2015-02-22,35600,35800
2015-02-23,35600,35800
2015-02-24,35280,35370
2015-02-25,35390,35480
2015-02-26,35600,35690
2015-02-27,35420,35550
2015-02-28,35450,35700
2015-03-01,35450,35700
2015-03-02,35430,35530
2015-03-03,35360,35450
2015-03-04,35340,35430
2015-03-05,35290,35380
2015-03-06,35300,35390
2015-03-07,35130,35250
2015-03-08,35130,35250
2015-03-09,35210,35310
2015-03-10,35180,35280
2015-03-11,35190,35280
2015-03-12,35210,35300
2015-03-13,35250,35340
2015-03-14,35320,35420
2015-03-15,35320,35420
2015-03-16,35290,35340
2015-03-17,35220,35310
2015-03-18,35190,35280
2015-03-19,35240,35330
2015-03-20,35250,35340
2015-03-21,35270,35380
2015-03-22,35270,35380
2015-03-23,35270,35360
2015-03-24,35270,35360
2015-03-25,35240,35330
2015-03-26,35310,35400
2015-03-27,35240,35330
2015-03-28,35230,35330
2015-03-29,35230,35330
2015-03-30,35160,35240
2015-03-31,35090,35170
2015-04-01,35130,35200
2015-04-02,35180,35270
2015-04-03,35170,35260
2015-04-04,35210,35300
2015-04-05,35210,35300
2015-04-06,35280,35370
2015-04-07,35190,35280
2015-04-08,35160,35250
2015-04-09,35140,35230
2015-04-10,35150,35240
2015-04-11,35170,35260
2015-04-12,35170,35260
2015-04-13,35140,35230
2015-04-14,35100,35190
2015-04-15,35100,35190
2015-04-16,35140,35230
2015-04-17,35110,35200
2015-04-18,35110,35200
2015-04-19,35110,35200
2015-04-20,35040,35130
2015-04-21,35010,35100
2015-04-22,35050,35140
2015-04-23,34990,35080
2015-04-24,35020,35110
2015-04-25,34980,35070
2015-04-26,34980,35070
2015-04-27,34980,35070
2015-04-28,35080,35200
2015-04-29,35130,35240
2015-04-30,35100,35220
2015-05-01,35100,35220
2015-05-02,35010,35130
2015-05-03,35010,35130
2015-05-04,35010,35080
2015-05-05,34950,35020
2015-05-06,34980,35050
2015-05-07,34970,35030
2015-05-08,34990,35040
2015-05-09,34980,35050
2015-05-10,34980,35050
2015-05-11,34980,35050
2015-05-12,34970,35050
2015-05-13,34970,35040
2015-05-14,35040,35100
2015-05-15,35020,35080
2015-05-16,35040,35110
2015-05-17,35040,35110
2015-05-18,35030,35090
2015-05-19,34970,35040
2015-05-20,34950,35010
2015-05-21,34960,35020
2015-05-22,34950,35010
2015-05-23,34930,35000
2015-05-24,34930,35000
2015-05-25,34920,34980
2015-05-26,34880,34940
2015-05-27,34850,34910
2015-05-28,34850,34910
2015-05-29,34880,34940
2015-05-30,34880,34950
2015-05-31,34880,34950
2015-06-01,34870,34930
2015-06-02,34860,34920
2015-06-03,34880,34940
2015-06-04,34820,34880
2015-06-05,34760,34820
2015-06-06,34750,34810
2015-06-07,34750,34810
2015-06-08,34720,34780
2015-06-09,34700,34760
2015-06-10,34680,34740
2015-06-11,34670,34730
2015-06-12,34670,34730
2015-06-13,34680,34740
2015-06-14,34680,34740
2015-06-15,34660,34720
2015-06-16,34680,34740
2015-06-17,34650,34710
2015-06-18,34680,34740
2015-06-19,34670,34750
2015-06-20,34670,34750
2015-06-21,34670,34750
2015-06-22,34630,34690
2015-06-23,34540,34600
2015-06-24,34400,34460
2015-06-25,34340,34400
2015-06-26,34330,34400
2015-06-27,34350,34430
2015-06-28,34350,34430
2015-06-29,34370,34450
2015-06-30,34380,34460
2015-07-01,34350,34430
2015-07-02,34280,34360
2015-07-03,34270,34340
2015-07-04,34280,34350
2015-07-05,34280,34350
2015-07-06,34250,34320
2015-07-07,34220,34300
2015-07-08,34060,34130
2015-07-09,33980,34060
2015-07-10,33950,34040
2015-07-11,33970,34060
2015-07-12,33970,34060
2015-07-13,33930,34000
2015-07-14,33870,33940
2015-07-15,33680,33760
2015-07-16,32850,33050
2015-07-17,33250,33500
2015-07-18,33100,33350
2015-07-19,33100,33350
2015-07-20,32900,33200
2015-07-21,32930,33180
2015-07-22,32920,33100
2015-07-23,33050,33200
2015-07-24,32880,33060
2015-07-25,32980,33180
2015-07-26,32980,33180
2015-07-27,32970,33100
2015-07-28,32940,33060
2015-07-29,32980,33080
2015-07-30,32930,33030
2015-07-31,32940,33040
2015-08-01,32980,33120
2015-08-02,32980,33120
2015-08-03,32940,33040
2015-08-04,32860,32960
2015-08-05,32820,32940
2015-08-06,32750,32870
2015-08-07,32790,32910
2015-08-08,32790,32910
2015-08-09,32790,32910
2015-08-10,32820,32920
2015-08-11,32920,33060
2015-08-12,33400,33750
2015-08-13,34100,34800
2015-08-14,33600,34400
2015-08-15,33700,34250
2015-08-16,33700,34250
2015-08-17,33850,34150
2015-08-18,33850,34150
2015-08-19,33900,34600
2015-08-20,33900,34550
2015-08-21,34400,35300
2015-08-22,34700,35600
2015-08-23,34700,35600
2015-08-24,34750,35300
2015-08-25,34600,35150
2015-08-26,34000,34550
2015-08-27,33750,34250
2015-08-28,33980,34430
2015-08-29,34050,34600
2015-08-30,34050,34600
2015-08-31,34000,34400
2015-09-01,34100,34450
2015-09-02,34150,34450
2015-09-03,33970,34250
2015-09-04,33860,34180
2015-09-05,33890,34210
2015-09-06,33890,34210
2015-09-07,33920,34180
2015-09-08,33880,34130
2015-09-09,33920,34200
2015-09-10,33900,34100
2015-09-11,33930,34130
2015-09-12,33900,34150
2015-09-13,33900,34150
2015-09-14,33880,34080
2015-09-15,33870,34090
2015-09-16,33850,34080
2015-09-17,33980,34180
2015-09-18,34050,34270
2015-09-19,34080,34300
2015-09-20,34080,34300
2015-09-21,34020,34250
2015-09-22,33960,34180
2015-09-23,33830,34060
2015-09-24,33900,34110
2015-09-25,33950,34170
2015-09-26,33900,34150
2015-09-27,33900,34150
2015-09-28,33810,34030
2015-09-29,33660,33880
2015-09-30,33670,33900
2015-10-01,33620,33850
2015-10-02,33600,33820
2015-10-03,33720,33970
2015-10-04,33720,33970
2015-10-05,33710,33930
2015-10-06,33680,33900
2015-10-07,33730,33950
2015-10-08,33650,33870
2015-10-09,33740,33960
2015-10-10,33740,33960
2015-10-11,33740,33960
2015-10-12,33810,34040
2015-10-13,33750,33970
2015-10-14,33870,34090
2015-10-15,33940,34170
2015-10-16,33890,34120
2015-10-17,33860,34100
2015-10-18,33860,34100
2015-10-19,33760,33980
2015-10-20,33750,33970
2015-10-21,33760,33980
2015-10-22,33740,33960
2015-10-23,33780,34000
2015-10-24,33710,33960
2015-10-25,33710,33960
2015-10-26,33720,33940
2015-10-27,33730,33950
2015-10-28,33730,33950
2015-10-29,33650,33870
2015-10-30,33570,33800
2015-10-31,33550,33780
2015-11-01,33550,33780
2015-11-02,33560,33780
2015-11-03,33530,33750
2015-11-04,33330,33560
2015-11-05,33150,33380
2015-11-06,33220,33450
2015-11-07,33150,33380
2015-11-08,33150,33380
2015-11-09,33220,33440
2015-11-10,33250,33470
2015-11-11,33240,33460
2015-11-12,33230,33450
2015-11-13,33150,33370
2015-11-14,33140,33360
2015-11-15,33140,33360
2015-11-16,33260,33490
2015-11-17,33220,33450
2015-11-18,33080,33310
2015-11-19,33140,33370
2015-11-20,33200,33430
2015-11-21,33170,33400
2015-11-22,33170,33400
2015-11-23,33080,33320
2015-11-24,33050,33300
2015-11-25,33060,33300
2015-11-26,33060,33300
2015-11-27,33040,33280
2015-11-28,32940,33210
2015-11-29,32940,33210
2015-11-30,32860,33100
2015-12-01,32920,33160
2015-12-02,32870,33110
2015-12-03,32720,32960
2015-12-04,32780,33020
2015-12-05,32980,33220
2015-12-06,32980,33220
2015-12-07,32990,33240
2015-12-08,32950,33200
2015-12-09,33000,33250
2015-12-10,32950,33200
2015-12-11,32890,33140
2015-12-12,32940,33190
2015-12-13,32940,33190
2015-12-14,32870,33120
2015-12-15,32800,33050
2015-12-16,32830,33080
2015-12-17,32790,33060
2015-12-18,32710,32990
2015-12-19,32800,33050
2015-12-20,32800,33050
2015-12-21,32810,33080
2015-12-22,32820,33090
2015-12-23,32780,33050
2015-12-24,32800,33080
2015-12-25,32810,33090
2015-12-26,32800,33080
2015-12-27,32800,33080
2015-12-28,32750,33050
2015-12-29,32470,32870
2015-12-30,32320,32750
2015-12-31,32350,32800
2016-01-01,32450,32900
2016-01-02,32450,32900
2016-01-03,32450,32900
2016-01-04,32670,32920
2016-01-05,32640,32920
2016-01-06,32610,32890
2016-01-07,32740,33020
2016-01-08,32800,33100
2016-01-09,32800,33100
2016-01-10,32800,33100
2016-01-11,32850,33150
2016-01-12,32800,33100
2016-01-13,32630,32890
2016-01-14,32650,32910
2016-01-15,32620,32880
2016-01-16,32660,32920
2016-01-17,32660,32920
2016-01-18,32610,32870
2016-01-19,32600,32860
2016-01-20,32580,32840
2016-01-21,32640,32900
2016-01-22,32640,32900
2016-01-23,32640,32910
2016-01-24,32640,32910
2016-01-25,32640,32910
2016-01-26,32660,32920
2016-01-27,32680,32950
2016-01-28,32680,32940
2016-01-29,32640,32910
2016-01-30,32630,32900
2016-01-31,32630,32900
2016-02-01,32690,32950
2016-02-02,32730,33000
2016-02-03,32780,33050
2016-02-04,32930,33200
2016-02-05,33140,33440
2016-02-06,33140,33440
2016-02-07,33140,33440
2016-02-08,33140,33440
2016-02-09,33140,33440
2016-02-10,33140,33440
2016-02-11,33140,33440
2016-02-12,33500,34400
2016-02-13,33500,34400
2016-02-14,33500,34400
2016-02-15,33600,34000
2016-02-16,33450,33800
2016-02-17,33350,33800
2016-02-18,33150,33500
2016-02-19,33100,33650
2016-02-20,33350,33650
2016-02-21,33350,33650
2016-02-22,33150,33420
2016-02-23,33250,33500
2016-02-24,33400,33660
2016-02-25,33400,33650
2016-02-26,33350,33620
2016-02-27,33310,33560
2016-02-28,33310,33560
2016-02-29,33340,33590
2016-03-01,33350,33630
2016-03-02,33320,33580
2016-03-03,33360,33610
2016-03-04,33850,34100
2016-03-05,33750,34000
2016-03-06,33750,34000
2016-03-07,33770,34020
2016-03-08,33930,34180
2016-03-09,33720,33970
2016-03-10,33550,33800
2016-03-11,33750,34030
2016-03-12,33750,34000
2016-03-13,33750,34000
2016-03-14,33690,33960
2016-03-15,33470,33750
2016-03-16,33420,33690
2016-03-17,33660,33930
2016-03-18,33690,33910
2016-03-19,33650,33900
2016-03-20,33650,33900
2016-03-21,33480,33720
2016-03-22,33520,33750
2016-03-23,33400,33640
2016-03-24,33220,33460
2016-03-25,33160,33400
2016-03-26,33180,33430
2016-03-27,33180,33430
2016-03-28,33090,33340
2016-03-29,33040,33290
2016-03-30,33110,33350
2016-03-31,33070,33320
2016-04-01,33070,33320
2016-04-02,33030,33280
2016-04-03,33030,33280
2016-04-04,33000,33240
2016-04-05,33090,33340
2016-04-06,33000,33240
2016-04-07,33080,33340
2016-04-08,33030,33280
2016-04-09,33050,33300
2016-04-10,33050,33300
2016-04-11,33200,33430
2016-04-12,33380,33630
2016-04-13,33290,33540
2016-04-14,33130,33380
2016-04-15,33050,33300
2016-04-16,33150,33400
2016-04-17,33150,33400
2016-04-18,33150,33400
2016-04-19,33120,33370
2016-04-20,33220,33450
2016-04-21,33280,33500
2016-04-22,33220,33470
2016-04-23,33140,33390
2016-04-24,33140,33390
2016-04-25,33100,33350
2016-04-26,33080,33330
2016-04-27,33150,33350
2016-04-28,33280,33540
2016-04-29,33690,33900
2016-04-30,33950,34300
2016-05-01,33950,34300
2016-05-02,33950,34350
2016-05-03,33950,34350
2016-05-04,33830,34030
2016-05-05,33740,33950
2016-05-06,33840,34050
2016-05-07,34000,34240
2016-05-08,34000,34240
2016-05-09,33850,34050
2016-05-10,33680,33900
2016-05-11,33830,34050
2016-05-12,33820,34020
2016-05-13,33940,34140
2016-05-14,33920,34120
2016-05-15,33920,34120
2016-05-16,34010,34240
2016-05-17,33940,34180
2016-05-18,33920,34160
2016-05-19,33750,33980
2016-05-20,33780,34010
2016-05-21,33770,34000
2016-05-22,33770,34000
2016-05-23,33700,33940
2016-05-24,33510,33730
2016-05-25,33190,33440
2016-05-26,33270,33500
2016-05-27,33160,33400
2016-05-28,33140,33390
2016-05-29,33140,33390
2016-05-30,33090,33350
2016-05-31,33120,33360
2016-06-01,33210,33450
2016-06-02,33250,33500
2016-06-03,33160,33400
2016-06-04,33420,33670
2016-06-05,33420,33670
2016-06-06,33420,33670
2016-06-07,33380,33620
2016-06-08,33430,33670
2016-06-09,33570,33820
2016-06-10,33700,33950
2016-06-11,33830,34080
2016-06-12,33830,34080
2016-06-13,33990,34240
2016-06-14,33950,34200
2016-06-15,34040,34290
2016-06-16,34510,34830
2016-06-17,34080,34390
2016-06-18,34350,34650
2016-06-19,34350,34650
2016-06-20,34170,34470
2016-06-21,34140,34360
2016-06-22,33800,34010
2016-06-23,33810,34110
2016-06-24,34550,35050
2016-06-25,34650,35150
2016-06-26,34650,35150
2016-06-27,34850,35350
2016-06-28,34690,35040
2016-06-29,34980,35230
2016-06-30,34990,35240
2016-07-01,35340,35590
2016-07-02,35490,35790
2016-07-03,35490,35790
2016-07-04,36450,37000
2016-07-05,36350,36850
2016-07-06,38600,39800
2016-07-07,36600,37500
2016-07-08,36500,37200
2016-07-09,36900,37700
2016-07-10,36900,37700
2016-07-11,36950,37500
2016-07-12,36800,37350
2016-07-13,36650,37050
2016-07-14,36460,36860
2016-07-15,36520,36890
2016-07-16,36700,37050
2016-07-17,36700,37050
2016-07-18,36550,36900
2016-07-19,36470,36800
2016-07-20,36450,36750
2016-07-21,36360,36640
2016-07-22,36390,36650
2016-07-23,36390,36650
2016-07-24,36390,36650
2016-07-25,36280,36530
2016-07-26,36320,36560
2016-07-27,36270,36520
2016-07-28,36470,36720
2016-07-29,36430,36670
2016-07-30,36540,36790
2016-07-31,36540,36790
2016-08-01,36490,36740
2016-08-02,36610,36860
2016-08-03,36740,36990
2016-08-04,36610,36860
2016-08-05,36710,36950
2016-08-06,36350,36600
2016-08-07,36350,36600
2016-08-08,36350,36600
2016-08-09,36400,36620
2016-08-10,36580,36790
2016-08-11,36500,36700
2016-08-12,36470,36680
2016-08-13,36400,36630
2016-08-14,36400,36630
2016-08-15,36510,36720
2016-08-16,36590,36790
2016-08-17,36500,36710
2016-08-18,36560,36770
2016-08-19,36510,36720
2016-08-20,36510,36720
2016-08-21,36510,36720
2016-08-22,36380,36590
2016-08-23,36450,36650
2016-08-24,36400,36600
2016-08-25,36330,36540
2016-08-26,36350,36550
2016-08-27,36350,36550
2016-08-28,36350,36550
2016-08-29,36290,36500
2016-08-30,36290,36490
2016-08-31,36180,36390
2016-09-01,35980,36200
2016-09-02,36050,36300
2016-09-03,36250,36500
2016-09-04,36250,36500
2016-09-05,36180,36380
2016-09-06,36190,36390
2016-09-07,36350,36590
2016-09-08,36350,36550
2016-09-09,36230,36430
2016-09-10,36100,36340
2016-09-11,36100,36340
2016-09-12,36110,36310
2016-09-13,36120,36330
2016-09-14,36070,36280
2016-09-15,36100,36300
2016-09-16,35990,36190
2016-09-17,36000,36200
2016-09-18,36000,36200
2016-09-19,36030,36240
2016-09-20,36050,36260
2016-09-21,36100,36310
2016-09-22,36170,36380
2016-09-23,36150,36380
2016-09-24,36150,36380
2016-09-25,36150,36380
2016-09-26,36090,36300
2016-09-27,36060,36260
2016-09-28,35930,36130
2016-09-29,35930,36130
2016-09-30,35980,36180
2016-10-01,35960,36160
2016-10-02,35960,36160
2016-10-03,35910,36110
2016-10-04,35850,36050
2016-10-05,35300,35520
2016-10-06,35280,35500
2016-10-07,35270,35500
2016-10-08,35300,35530
2016-10-09,35300,35530
2016-10-10,35520,35770
2016-10-11,35500,35720
2016-10-12,35420,35640
2016-10-13,35450,35670
2016-10-14,35430,35650
2016-10-15,35430,35650
2016-10-16,35430,35650
2016-10-17,35450,35660
2016-10-18,35470,35670
2016-10-19,35530,35730
2016-10-20,35540,35740
2016-10-21,35470,35670
2016-10-22,35500,35700
2016-10-23,35500,35700
2016-10-24,35500,35700
2016-10-25,35560,35760
2016-10-26,35580,35780
2016-10-27,35580,35780
2016-10-28,35580,35780
2016-10-29,35660,35860
2016-10-30,35660,35860
2016-10-31,35640,35840
2016-11-01,35750,35950
2016-11-02,36200,36650
2016-11-03,35950,36450
2016-11-04,35950,36400
2016-11-05,36050,36550
2016-11-06,36050,36550
2016-11-07,35900,36300
2016-11-08,35900,36300
2016-11-09,36500,37200
2016-11-10,36200,36550
2016-11-11,35900,36150
2016-11-12,35550,35900
2016-11-13,35550,35900
2016-11-14,35700,35950
2016-11-15,35750,36050
2016-11-16,35750,36000
2016-11-17,35770,35970
2016-11-18,35600,35800
2016-11-19,35600,35850
2016-11-20,35600,35850
2016-11-21,35690,35850
2016-11-22,35740,35880
2016-11-23,35680,35820
2016-11-24,35450,35630
2016-11-25,35490,35640
2016-11-26,35450,35650
2016-11-27,35450,35650
2016-11-28,35650,35830
2016-11-29,35650,35820
2016-11-30,35640,35810
2016-12-01,35650,35840
2016-12-02,35950,36200
2016-12-03,36020,36350
2016-12-04,36020,36350
2016-12-05,36120,36350
2016-12-06,36250,36650
2016-12-07,36050,36450
2016-12-08,36150,36500
2016-12-09,35900,36300
2016-12-10,35850,36250
2016-12-11,35850,36250
2016-12-12,36000,36420
2016-12-13,36100,36500
2016-12-14,36100,36600
2016-12-15,35850,36350
2016-12-16,35700,36200
2016-12-17,35850,36300
2016-12-18,35850,36300
2016-12-19,36050,36520
2016-12-20,36000,36500
2016-12-21,36100,36590
2016-12-22,35950,36350
2016-12-23,36000,36350
2016-12-24,36000,36450
2016-12-25,36000,36450
2016-12-26,36000,36420
2016-12-27,36100,36470
2016-12-28,36100,36450
2016-12-29,36100,36450
2016-12-30,35900,36500
2016-12-31,36000,36500
2017-01-01,36000,36500
2017-01-02,36000,36500
2017-01-03,36050,36450
2017-01-04,36200,36480
2017-01-05,36350,36650
2017-01-06,36350,36630
2017-01-07,36350,36630
2017-01-08,36350,36630
2017-01-09,36320,36600
2017-01-10,36340,36610
2017-01-11,36350,36620
2017-01-12,36480,36800
2017-01-13,36400,36700
2017-01-14,36450,36760
2017-01-15,36450,36760
2017-01-16,36480,36750
2017-01-17,36480,36750
2017-01-18,36450,36730
2017-01-19,36360,36630
2017-01-20,36360,36650
2017-01-21,36400,36700
2017-01-22,36400,36700
2017-01-23,36500,36830
2017-01-24,36580,36930
2017-01-25,36550,36950
2017-01-26,36550,36950
2017-01-27,36550,36950
2017-01-28,36550,36950
2017-01-29,36550,36950
2017-01-30,36550,36950
2017-01-31,36550,36950
2017-02-01,36600,37100
2017-02-02,37450,37850
2017-02-03,37350,37750
2017-02-04,37300,37700
2017-02-05,37300,37700
2017-02-06,36400,37200
2017-02-07,36550,36950
2017-02-08,36780,37080
2017-02-09,36970,37270
2017-02-10,36720,37020
2017-02-11,36750,37080
2017-02-12,36750,37080
2017-02-13,36670,36970
2017-02-14,36670,36970
2017-02-15,36670,36970
2017-02-16,36770,37070
2017-02-17,36720,37020
2017-02-18,36780,37050
2017-02-19,36780,37050
2017-02-20,36700,36970
2017-02-21,36650,36930
2017-02-22,36700,36950
2017-02-23,36700,36950
2017-02-24,36770,37030
2017-02-25,36750,37050
2017-02-26,36750,37050
2017-02-27,36700,36950
2017-02-28,36650,36900
2017-03-01,36670,36930
2017-03-02,36700,36940
2017-03-03,36600,36820
2017-03-04,36670,36920
2017-03-05,36670,36920
2017-03-06,36600,36830
2017-03-07,36520,36760
2017-03-08,36450,36650
2017-03-09,36390,36610
2017-03-10,36360,36580
2017-03-11,36450,36680
2017-03-12,36450,36680
2017-03-13,36480,36700
2017-03-14,36470,36690
2017-03-15,36450,36680
2017-03-16,36620,36840
2017-03-17,36700,36820
2017-03-18,36600,36800
2017-03-19,36600,36800
2017-03-20,36540,36770
2017-03-21,36450,36650
2017-03-22,36550,36700
2017-03-23,36460,36640
2017-03-24,36450,36640
2017-03-25,36450,36670
2017-03-26,36450,36670
2017-03-27,36480,36650
2017-03-28,36460,36640
2017-03-29,36430,36610
2017-03-30,36420,36600
2017-03-31,36350,36530
2017-04-01,36370,36550
2017-04-02,36370,36550
2017-04-03,36320,36500
2017-04-04,36390,36570
2017-04-05,36360,36540
2017-04-06,36360,36560
2017-04-07,36400,36580
2017-04-08,36390,36580
2017-04-09,36390,36580
2017-04-10,36440,36630
2017-04-11,36440,36620
2017-04-12,36540,36720
2017-04-13,36680,36870
2017-04-14,36980,37230
2017-04-15,37050,37400
2017-04-16,37050,37400
2017-04-17,36690,36950
2017-04-18,36670,36900
2017-04-19,36570,36800
2017-04-20,36570,36780
2017-04-21,36600,36800
2017-04-22,36670,36910
2017-04-23,36670,36910
2017-04-24,36600,36790
2017-04-25,36540,36730
2017-04-26,36540,36730
2017-04-27,36540,36730
2017-04-28,36630,36830
2017-04-29,36680,36890
2017-04-30,36680,36890
2017-05-01,36680,36890
2017-05-02,36680,36890
2017-05-03,36540,36720
2017-05-04,36320,36540
2017-05-05,36400,36600
2017-05-06,36430,36640
2017-05-07,36430,36640
2017-05-08,36440,36630
2017-05-09,36430,36620
2017-05-10,36360,36560
2017-05-11,36340,36530
2017-05-12,36400,36600
2017-05-13,36420,36620
2017-05-14,36420,36620
2017-05-15,36430,36620
2017-05-16,36410,36600
2017-05-17,36430,36630
2017-05-18,36500,36700
2017-05-19,36410,36600
2017-05-20,36430,36630
2017-05-21,36430,36630
2017-05-22,36420,36610
2017-05-23,36390,36580
2017-05-24,36330,36520
2017-05-25,36340,36530
2017-05-26,36370,36570
2017-05-27,36400,36600
2017-05-28,36400,36600
2017-05-29,36380,36570
2017-05-30,36330,36530
2017-05-31,36180,36380
2017-06-01,36230,36430
2017-06-02,36210,36410
2017-06-03,36350,36550
2017-06-04,36350,36550
2017-06-05,36320,36520
2017-06-06,36370,36570
2017-06-07,36350,36540
2017-06-08,36350,36540
2017-06-09,36260,36450
2017-06-10,36240,36440
2017-06-11,36240,36440
2017-06-12,36230,36430
2017-06-13,36200,36400
2017-06-14,36220,36410
2017-06-15,36240,36430
2017-06-16,36160,36350
2017-06-17,36170,36370
2017-06-18,36170,36370
2017-06-19,36160,36350
2017-06-20,36130,36330
2017-06-21,36140,36320
2017-06-22,36180,36370
2017-06-23,36270,36470
2017-06-24,36270,36470
2017-06-25,36270,36470
2017-06-26,36150,36340
2017-06-27,36180,36370
2017-06-28,36200,36390
2017-06-29,36160,36350
2017-06-30,36170,36360
2017-07-01,36190,36380
2017-07-02,36190,36380
2017-07-03,36140,36320
2017-07-04,36060,36250
2017-07-05,36100,36290
2017-07-06,36100,36290
2017-07-07,36100,36270
2017-07-08,36060,36250
2017-07-09,36060,36250
2017-07-10,36060,36220
2017-07-11,36080,36260
2017-07-12,36140,36320
2017-07-13,36180,36350
2017-07-14,36150,36330
2017-07-15,36200,36390
2017-07-16,36200,36390
2017-07-17,36220,36410
2017-07-18,36220,36410
2017-07-19,36210,36390
2017-07-20,36180,36360
2017-07-21,36220,36400
2017-07-22,36250,36450
2017-07-23,36250,36450
2017-07-24,36200,36380
2017-07-25,36160,36340
2017-07-26,36070,36250
2017-07-27,36180,36360
2017-07-28,36140,36320
2017-07-29,36180,36360
2017-07-30,36180,36360
2017-07-31,36180,36360
2017-08-01,36140,36330
2017-08-02,36130,36320
2017-08-03,36140,36320
2017-08-04,36220,36400
2017-08-05,36170,36350
2017-08-06,36170,36350
2017-08-07,36170,36350
2017-08-08,36140,36320
2017-08-09,36160,36340
2017-08-10,36250,36430
2017-08-11,36360,36540
2017-08-12,36360,36550
2017-08-13,36360,36550
2017-08-14,36310,36490
2017-08-15,36220,36400
2017-08-16,36140,36320
2017-08-17,36250,36450
2017-08-18,36240,36420
2017-08-19,36330,36520
2017-08-20,36330,36520
2017-08-21,36300,36480
2017-08-22,36280,36460
2017-08-23,36240,36420
2017-08-24,36250,36430
2017-08-25,36220,36400
2017-08-26,36300,36490
2017-08-27,36300,36490
2017-08-28,36320,36500
2017-08-29,36530,36720
2017-08-30,36390,36580
2017-08-31,36370,36560
2017-09-01,36460,36650
2017-09-02,36490,36680
2017-09-03,36490,36680
2017-09-04,36600,36850
2017-09-05,36600,36800
2017-09-06,36870,37070
2017-09-07,36860,37060
2017-09-08,37110,37310
2017-09-09,37000,37200
2017-09-10,37000,37200
2017-09-11,36780,36980
2017-09-12,36540,36740
2017-09-13,36570,36760
2017-09-14,36510,36700
2017-09-15,36580,36780
2017-09-16,36590,36780
2017-09-17,36590,36780
2017-09-18,36610,36800
2017-09-19,36550,36740
2017-09-20,36610,36800
2017-09-21,36420,36610
2017-09-22,36480,36670
2017-09-23,36510,36700
2017-09-24,36510,36700
2017-09-25,36510,36700
2017-09-26,36570,36760
2017-09-27,36410,36600
2017-09-28,36400,36560
2017-09-29,36410,36580
2017-09-30,36410,36600
2017-10-01,36410,36600
2017-10-02,36300,36480
2017-10-03,36280,36460
2017-10-04,36370,36550
2017-10-05,36410,36590
2017-10-06,36350,36530
2017-10-07,36400,36580
2017-10-08,36400,36580
2017-10-09,36430,36610
2017-10-10,36470,36650
2017-10-11,36460,36640
2017-10-12,36510,36690
2017-10-13,36490,36670
2017-10-14,36560,36740
2017-10-15,36560,36740
2017-10-16,36500,36680
2017-10-17,36380,36560
2017-10-18,36330,36510
2017-10-19,36340,36520
2017-10-20,36340,36520
2017-10-21,36340,36520
2017-10-22,36340,36520
2017-10-23,36340,36520
2017-10-24,36320,36500
2017-10-25,36280,36460
2017-10-26,36310,36490
2017-10-27,36290,36470
2017-10-28,36340,36520
2017-10-29,36340,36520
2017-10-30,36320,36500
2017-10-31,36370,36550
2017-11-01,36450,36630
2017-11-02,36460,36640
2017-11-03,36440,36620
2017-11-04,36400,36580
2017-11-05,36400,36580
2017-11-06,36420,36600
2017-11-07,36480,36660
2017-11-08,36460,36640
2017-11-09,36470,36650
2017-11-10,36460,36640
2017-11-11,36400,36580
2017-11-12,36400,36580
2017-11-13,36420,36600
2017-11-14,36370,36550
2017-11-15,36440,36620
2017-11-16,36370,36550
2017-11-17,36390,36570
2017-11-18,36440,36620
2017-11-19,36440,36620
2017-11-20,36400,36580
2017-11-21,36380,36560
2017-11-22,36420,36600
2017-11-23,36420,36600
2017-11-24,36430,36610
2017-11-25,36420,36600
2017-11-26,36420,36600
2017-11-27,36420,36600
2017-11-28,36420,36600
2017-11-29,36420,36600
2017-11-30,36360,36540
2017-12-01,36310,36490
2017-12-02,36370,36550
2017-12-03,36370,36550
2017-12-04,36320,36500
2017-12-05,36340,36520
2017-12-06,36320,36500
2017-12-07,36240,36420
2017-12-08,36250,36410
2017-12-09,36190,36370
2017-12-10,36190,36370
2017-12-11,36270,36450
2017-12-12,36320,36500
2017-12-13,36300,36480
2017-12-14,36340,36520
2017-12-15,36330,36510
2017-12-16,36340,36520
2017-12-17,36340,36520
2017-12-18,36340,36520
2017-12-19,36360,36540
2017-12-20,36360,36540
2017-12-21,36300,36480
2017-12-22,36340,36520
2017-12-23,36400,36590
2017-12-24,36400,36590
2017-12-25,36390,36570
2017-12-26,36380,36560
2017-12-27,36400,36580
2017-12-28,36430,36610
2017-12-29,36420,36600
2017-12-30,36460,36640
2017-12-31,36460,36640
2018-01-01,36460,36640
2018-01-02,36570,36750
2018-01-03,36510,36690
2018-01-04,36460,36640
2018-01-05,36510,36690
2018-01-06,36510,36690
2018-01-07,36510,36690
2018-01-08,36420,36600
2018-01-09,36420,36600
2018-01-10,36420,36600
2018-01-11,36460,36640
2018-01-12,36610,36790
2018-01-13,36720,36920
2018-01-14,36720,36920
2018-01-15,36810,36990
2018-01-16,36670,36850
2018-01-17,36680,36860
2018-01-18,36570,36750
2018-01-19,36700,36880
2018-01-20,36680,36860
2018-01-21,36680,36860
2018-01-22,36680,36860
2018-01-23,36710,36890
2018-01-24,36840,37020
2018-01-25,37020,37200
2018-01-26,36990,37170
2018-01-27,36940,37120
2018-01-28,36940,37120
2018-01-29,36780,36960
2018-01-30,36650,36830
2018-01-31,36710,36890
2018-02-01,36710,36890
2018-02-02,36740,36920
2018-02-03,36670,36850
2018-02-04,36670,36850
2018-02-05,36660,36840
2018-02-06,36750,36930
2018-02-07,36640,36820
2018-02-08,36520,36700
2018-02-09,36590,36770
2018-02-10,36650,36850
2018-02-11,36730,36930
2018-02-12,36850,37100
2018-02-13,36900,37150
2018-02-14,36930,37180
2018-02-15,37050,37400
2018-02-16,37050,37400
2018-02-17,37050,37400
2018-02-18,37050,37400
2018-02-19,37050,37400
2018-02-20,37050,37400
2018-02-21,36930,37180
2018-02-22,36920,37100
2018-02-23,36950,37150
2018-02-24,36900,37150
2018-02-25,36900,37150
2018-02-26,36800,36980
2018-02-27,36730,36910
2018-02-28,36600,36780
2018-03-01,36510,36690
2018-03-02,36560,36740
2018-03-03,36640,36820
2018-03-04,36640,36820
2018-03-05,36720,36900
2018-03-06,36640,36820
2018-03-07,36680,36860
2018-03-08,36640,36820
2018-03-09,36590,36770
2018-03-10,36640,36820
2018-03-11,36640,36820
2018-03-12,36610,36790
2018-03-13,36560,36740
2018-03-14,36600,36780
2018-03-15,36570,36750
2018-03-16,36620,36800
2018-03-17,36570,36750
2018-03-18,36570,36750
2018-03-19,36500,36680
2018-03-20,36500,36680
2018-03-21,36500,36680
2018-03-22,36600,36780
2018-03-23,36650,36850
2018-03-24,36750,37050
2018-03-25,36750,37050
2018-03-26,36860,37040
2018-03-27,36880,37060
2018-03-28,36730,36910
2018-03-29,36550,36730
2018-03-30,36650,36830
2018-03-31,36650,36830
2018-04-01,36650,36830
2018-04-02,36640,36820
2018-04-03,36710,36890
2018-04-04,36770,36950
2018-04-05,36570,36750
2018-04-06,36600,36780
2018-04-07,36670,36850
2018-04-08,36670,36850
2018-04-09,36670,36850
2018-04-10,36670,36850
2018-04-11,36760,36940
2018-04-12,36860,37040
2018-04-13,36760,36940
2018-04-14,36990,37170
2018-04-15,36990,37170
2018-04-16,36840,37020
2018-04-17,36870,37050
2018-04-18,36820,37000
2018-04-19,36920,37100
2018-04-20,36780,36960
2018-04-21,36750,36930
2018-04-22,36750,36930
2018-04-23,36750,36930
2018-04-24,36670,36850
2018-04-25,36700,36900
2018-04-26,36630,36810
2018-04-27,36570,36750
2018-04-28,36700,36900
2018-04-29,36700,36900
2018-04-30,36700,36900
2018-05-01,36700,36900
2018-05-02,36570,36750
2018-05-03,36600,36780
2018-05-04,36590,36770
2018-05-05,36600,36780
2018-05-06,36600,36780
2018-05-07,36560,36740
2018-05-08,36550,36730
2018-05-09,36520,36700
2018-05-10,36560,36740
2018-05-11,36620,36800
2018-05-12,36620,36800
2018-05-13,36620,36800
2018-05-14,36630,36810
2018-05-15,36550,36730
2018-05-16,36510,36690
2018-05-17,36500,36680
2018-05-18,36490,36660
2018-05-19,36520,36700
2018-05-20,36520,36700
2018-05-21,36510,36690
2018-05-22,36520,36700
2018-05-23,36510,36690
2018-05-24,36520,36700
2018-05-25,36570,36750
2018-05-26,36550,36730
2018-05-27,36550,36730
2018-05-28,36520,36700
2018-05-29,36570,36750
2018-05-30,36510,36690
2018-05-31,36560,36740
2018-06-01,36540,36720
2018-06-02,36530,36710
2018-06-03,36530,36710
2018-06-04,36520,36700
2018-06-05,36530,36710
2018-06-06,36570,36750
2018-06-07,36550,36730
2018-06-08,36560,36740
2018-06-09,36590,36770
2018-06-10,36590,36770
2018-06-11,36780,36960
2018-06-12,36860,37040
2018-06-13,36890,37070
2018-06-14,36820,37020
2018-06-15,36790,36970
2018-06-16,36720,36950
2018-06-17,36720,36950
2018-06-18,36720,36920
2018-06-19,36800,36980
2018-06-20,36730,36910
2018-06-21,36660,36840
2018-06-22,36790,36970
2018-06-23,36790,36970
2018-06-24,36790,36970
2018-06-25,36740,36920
2018-06-26,36680,36860
2018-06-27,36670,36850
2018-06-28,36620,36800
2018-06-29,36600,36780
2018-06-30,36630,36810
2018-07-01,36630,36810
2018-07-02,36670,36850
2018-07-03,36690,36870
2018-07-04,36720,36900
2018-07-05,36710,36890
2018-07-06,36720,36900
2018-07-07,36750,36930
2018-07-08,36750,36930
2018-07-09,36840,37020
2018-07-10,36840,37020
2018-07-11,36820,37000
2018-07-12,36780,36960
2018-07-13,36830,37010
2018-07-14,36860,37040
2018-07-15,36860,37040
2018-07-16,36780,36960
2018-07-17,36780,36960
2018-07-18,36580,36760
2018-07-19,36560,36740
2018-07-20,36650,36830
2018-07-21,36740,36920
2018-07-22,36740,36920
2018-07-23,36740,36920
2018-07-24,36740,36920
2018-07-25,36790,36970
2018-07-26,36720,36900
2018-07-27,36700,36880
2018-07-28,36740,36920
2018-07-29,36740,36920
2018-07-30,36720,36900
2018-07-31,36660,36840
2018-08-01,36650,36830
2018-08-02,36600,36780
2018-08-03,36630,36810
2018-08-04,36670,36850
2018-08-05,36670,36850
2018-08-06,36670,36850
2018-08-07,36690,36870
2018-08-08,36680,36860
2018-08-09,36610,36790
2018-08-10,36640,36820
2018-08-11,36650,36840
2018-08-12,36650,36840
2018-08-13,36610,36790
2018-08-14,36580,36760
2018-08-15,36550,36730
2018-08-16,36570,36750
2018-08-17,36560,36740
2018-08-18,36620,36800
2018-08-19,36620,36800
2018-08-20,36620,36800
2018-08-21,36570,36750
2018-08-22,36580,36760
2018-08-23,36560,36740
2018-08-24,36550,36730
2018-08-25,36670,36850
2018-08-26,36670,36850
2018-08-27,36620,36800
2018-08-28,36610,36790
2018-08-29,36570,36750
2018-08-30,36570,36750
2018-08-31,36580,36760
2018-09-01,36600,36780
2018-09-02,36600,36780
2018-09-03,36600,36780
2018-09-04,36540,36720
2018-09-05,36570,36750
2018-09-06,36610,36790
2018-09-07,36590,36770
2018-09-08,36590,36770
2018-09-09,36590,36770
2018-09-10,36520,36700
2018-09-11,36520,36700
2018-09-12,36530,36700
2018-09-13,36530,36710
2018-09-14,36540,36710
2018-09-15,36520,36700
2018-09-16,36520,36700
2018-09-17,36530,36710
2018-09-18,36520,36690
2018-09-19,36520,36680
2018-09-20,36530,36680
2018-09-21,36550,36710
2018-09-22,36520,36690
2018-09-23,36520,36690
2018-09-24,36480,36640
2018-09-25,36420,36580
2018-09-26,36410,36560
2018-09-27,36350,36510
2018-09-28,36320,36470
2018-09-29,36340,36500
2018-09-30,36340,36500
2018-10-01,36340,36500
2018-10-02,36360,36520
2018-10-03,36380,36530
2018-10-04,36370,36520
2018-10-05,36380,36530
2018-10-06,36390,36540
2018-10-07,36390,36540
2018-10-08,36380,36530
2018-10-09,36370,36520
2018-10-10,36350,36500
2018-10-11,36400,36550
2018-10-12,36470,36620
2018-10-13,36480,36630
2018-10-14,36480,36630
2018-10-15,36530,36690
2018-10-16,36470,36620
2018-10-17,36510,36660
2018-10-18,36500,36650
2018-10-19,36490,36640
2018-10-20,36500,36650
2018-10-21,36500,36650
2018-10-22,36460,36610
2018-10-23,36510,36660
2018-10-24,36480,36630
2018-10-25,36470,36620
2018-10-26,36490,36650
2018-10-27,36480,36630
2018-10-28,36480,36630
2018-10-29,36440,36590
2018-10-30,36360,36510
2018-10-31,36340,36490
2018-11-01,36410,36560
2018-11-02,36470,36620
2018-11-03,36470,36620
2018-11-04,36470,36620
2018-11-05,36450,36600
2018-11-06,36380,36530
2018-11-07,36430,36580
2018-11-08,36390,36540
2018-11-09,36360,36510
2018-11-10,36350,36500
2018-11-11,36350,36500
2018-11-12,36320,36470
2018-11-13,36330,36480
2018-11-14,36360,36510
2018-11-15,36450,36600
2018-11-16,36490,36640
2018-11-17,36540,36690
2018-11-18,36540,36690
2018-11-19,36500,36650
2018-11-20,36490,36640
2018-11-21,36450,36600
2018-11-22,36420,36580
2018-11-23,36430,36580
2018-11-24,36400,36550
2018-11-25,36400,36550
2018-11-26,36400,36550
2018-11-27,36340,36490
2018-11-28,36300,36450
2018-11-29,36350,36500
2018-11-30,36370,36520
2018-12-01,36370,36520
2018-12-02,36370,36520
2018-12-03,36370,36520
2018-12-04,36370,36520
2018-12-05,36320,36470
2018-12-06,36280,36430
2018-12-07,36280,36430
2018-12-08,36320,36500
2018-12-09,36320,36500
2018-12-10,36380,36540
2018-12-11,36320,36520
2018-12-12,36260,36420
2018-12-13,36210,36370
2018-12-14,36250,36410
2018-12-15,36290,36450
2018-12-16,36290,36450
2018-12-17,36290,36450
2018-12-18,36310,36470
2018-12-19,36270,36430
2018-12-20,36240,36420
2018-12-21,36280,36450
2018-12-22,36250,36430
2018-12-23,36250,36430
2018-12-24,36280,36460
2018-12-25,36270,36450
2018-12-26,36270,36450
2018-12-27,36280,36470
2018-12-28,36360,36560
2018-12-29,36360,36600
2018-12-30,36360,36600
2018-12-31,36360,36600
2019-01-01,36360,36600
2019-01-02,36500,36700
2019-01-03,36590,36790
2019-01-04,36620,36820
2019-01-05,36550,36750
2019-01-06,36550,36750
2019-01-07,36630,36830
2019-01-08,36540,36740
2019-01-09,36500,36680
2019-01-10,36560,36760
2019-01-11,36560,36760
2019-01-12,36560,36760
2019-01-13,36560,36760
2019-01-14,36560,36760
2019-01-15,36530,36730
2019-01-16,36490,36690
2019-01-17,36500,36800
2019-01-18,36570,36790
2019-01-19,36540,36740
2019-01-20,36540,36740
2019-01-21,36500,36700
2019-01-22,36350,36530
2019-01-23,36390,36590
2019-01-24,36380,36580
2019-01-25,36450,36650
2019-01-26,36620,36840
2019-01-27,36620,36840
2019-01-28,36680,36880
2019-01-29,36660,36880
2019-01-30,36730,36930
2019-01-31,36800,37050
2019-02-01,36950,37150
2019-02-02,36950,37150
2019-02-03,36950,37150
2019-02-04,36950,37150
2019-02-05,36950,37150
2019-02-06,36950,37150
2019-02-07,36950,37150
2019-02-08,36950,37150
2019-02-09,36950,37150
2019-02-10,36950,37150
2019-02-11,36950,37250
2019-02-12,37000,37200
2019-02-13,36850,37050
2019-02-14,36600,37350
2019-02-15,36650,36850
2019-02-16,36750,37000
2019-02-17,36750,37000
2019-02-18,36800,37000
2019-02-19,36800,37000
2019-02-20,36960,37160
2019-02-21,36950,37150
2019-02-22,36800,37000
2019-02-23,36950,37150
2019-02-24,36950,37150
2019-02-25,36920,37120
2019-02-26,36890,37090
2019-02-27,36890,37090
2019-02-28,36820,37020
2019-03-01,36680,36880
2019-03-02,36490,36690
2019-03-03,36490,36690
2019-03-04,36400,36600
2019-03-05,36450,36620
2019-03-06,36450,36630
2019-03-07,36460,36630
2019-03-08,36470,36640
2019-03-09,36520,36690
2019-03-10,36520,36690
2019-03-11,36490,36670
2019-03-12,36480,36660
2019-03-13,36570,36730
2019-03-14,36530,36700
2019-03-15,36480,36630
2019-03-16,36490,36670
2019-03-17,36490,36670
2019-03-18,36500,36670
2019-03-19,36530,36700
2019-03-20,36520,36700
2019-03-21,36670,36850
2019-03-22,36570,36750
2019-03-23,36590,36770
2019-03-24,36590,36770
2019-03-25,36620,36800
2019-03-26,36630,36800
2019-03-27,36630,36800
2019-03-28,36630,36800
2019-03-29,36430,36610
2019-03-30,36430,36610
2019-03-31,36430,36610
2019-04-01,36370,36540
2019-04-02,36340,36500
2019-04-03,36380,36510
2019-04-04,36380,36510
2019-04-05,36330,36480
2019-04-06,36330,36480
2019-04-07,36330,36480
2019-04-08,36370,36520
2019-04-09,36410,36560
2019-04-10,36400,36560
2019-04-11,36450,36620
2019-04-12,36340,36490
2019-04-13,36350,36500
2019-04-14,36350,36500
2019-04-15,36350,36500
2019-04-16,36300,36450
2019-04-17,36190,36360
2019-04-18,36190,36360
2019-04-19,36210,36360
2019-04-20,36230,36400
2019-04-21,36230,36400
2019-04-22,36250,36400
2019-04-23,36140,36310
2019-04-24,36110,36280
2019-04-25,36180,36350
2019-04-26,36240,36420
2019-04-27,36320,36500
2019-04-28,36320,36500
2019-04-29,36320,36500
2019-04-30,36320,36500
2019-05-01,36320,36500
2019-05-02,36140,36300
2019-05-03,36140,36300
2019-05-04,36190,36350
2019-05-05,36190,36350
2019-05-06,36200,36380
2019-05-07,36170,36350
2019-05-08,36210,36390
2019-05-09,36170,36350
2019-05-10,36180,36360
2019-05-11,36280,36450
2019-05-12,36280,36450
2019-05-13,36200,36370
2019-05-14,36400,36570
2019-05-15,36330,36500
2019-05-16,36340,36510
2019-05-17,36260,36430
2019-05-18,36250,36420
2019-05-19,36250,36420
2019-05-20,36230,36400
2019-05-21,36150,36320
2019-05-22,36150,36320
2019-05-23,36150,36320
2019-05-24,36250,36420
2019-05-25,36280,36450
2019-05-26,36280,36450
2019-05-27,36280,36450
2019-05-28,36240,36410
2019-05-29,36190,36360
2019-05-30,36170,36340
2019-05-31,36300,36470
2019-06-01,36490,36670
2019-06-02,36490,36670
2019-06-03,36620,36800
2019-06-04,36900,37100
2019-06-05,36850,37050
2019-06-06,36930,37150
2019-06-07,37000,37250
2019-06-08,37120,37400
2019-06-09,37120,37400
2019-06-10,37020,37240
2019-06-11,36960,37150
2019-06-12,37110,37330
2019-06-13,37170,37380
2019-06-14,37400,37790
2019-06-15,37400,37650
2019-06-16,37400,37650
2019-06-17,37300,37550
2019-06-18,37400,37650
2019-06-19,37450,37670
2019-06-20,38100,38550
2019-06-21,38350,38750
2019-06-22,38600,39150
2019-06-23,38600,39150
2019-06-24,38500,38900
2019-06-25,39050,39500
2019-06-26,38650,39100
2019-06-27,38500,38900
2019-06-28,38500,38950
2019-06-29,38500,38950
2019-06-30,38500,38950
2019-07-01,38100,38400
2019-07-02,38110,38460
2019-07-03,38800,39250
2019-07-04,38650,39100
2019-07-05,38650,39100
2019-07-06,38400,38950
2019-07-07,38400,38950
2019-07-08,38600,39050
2019-07-09,38500,38900
2019-07-10,38500,38900
2019-07-11,38900,39400
2019-07-12,38700,39200
2019-07-13,38970,39320
2019-07-14,38970,39320
2019-07-15,38970,39300
2019-07-16,38950,39250
2019-07-17,38950,39250
2019-07-18,39150,39500
2019-07-19,39650,40150
2019-07-20,39300,39800
2019-07-21,39300,39800
2019-07-22,39300,39800
2019-07-23,39300,39800
2019-07-24,39300,39800
2019-07-25,39300,39800
2019-07-26,39300,39750
2019-07-27,39300,39750
2019-07-28,39300,39750
2019-07-29,39350,39800
2019-07-30,39350,39800
2019-07-31,39400,39850
2019-08-01,39200,39500
2019-08-02,39450,39950
2019-08-03,39450,39950
2019-08-04,39450,39950
2019-08-05,40100,40500
2019-08-06,40350,40850
2019-08-07,41150,41650
2019-08-08,41650,42150
2019-08-09,41900,42400
2019-08-10,41550,42000
2019-08-11,41550,42000
2019-08-12,41300,41700
2019-08-13,41800,42300
2019-08-14,41200,41600
2019-08-15,41400,41900
2019-08-16,41600,42050
2019-08-17,41500,41950
2019-08-18,41500,41950
2019-08-19,41500,41950
2019-08-20,41400,41750
2019-08-21,41200,41600
2019-08-22,41300,41700
2019-08-23,41400,41750
2019-08-24,41900,42400
2019-08-25,41900,42400
2019-08-26,42350,42750
2019-08-27,42250,42700
2019-08-28,42400,42800
2019-08-29,42500,42900
2019-08-30,42350,42700
2019-08-31,42350,42700
2019-09-01,42350,42700
2019-09-02,42350,42700
2019-09-03,42200,42500
2019-09-04,42400,42800
2019-09-05,42500,42900
2019-09-06,42150,42550
2019-09-07,42100,42400
2019-09-08,42100,42400
2019-09-09,41750,42100
2019-09-10,41350,41750
2019-09-11,41350,41750
2019-09-12,41550,41950
2019-09-13,41750,42150
2019-09-14,41500,41900
2019-09-15,41500,41900
2019-09-16,41600,41950
2019-09-17,41500,41850
2019-09-18,41600,41950
2019-09-19,41600,41900
2019-09-20,41700,42050
2019-09-21,41850,42200
2019-09-22,41850,42200
2019-09-23,41960,42260
2019-09-24,42000,42350
2019-09-25,42230,42580
2019-09-26,42000,42300
2019-09-27,41750,42100
2019-09-28,41750,42100
2019-09-29,41750,42100
2019-09-30,41450,41800
2019-10-01,41000,41300
2019-10-02,41150,41500
2019-10-03,41550,41850
2019-10-04,41750,42100
2019-10-05,41750,42100
2019-10-06,41750,42100
2019-10-07,41700,42000
2019-10-08,41600,41950
2019-10-09,41700,42000
2019-10-10,41780,42100
2019-10-11,41700,42000
2019-10-12,41550,41850
2019-10-13,41550,41850
2019-10-14,41450,41750
2019-10-15,41500,41800
2019-10-16,41400,41700
2019-10-17,41450,41750
2019-10-18,41450,41750
2019-10-19,41450,41750
2019-10-20,41450,41750
2019-10-21,41500,41800
2019-10-22,41400,41700
2019-10-23,41550,41820
2019-10-24,41450,41750
2019-10-25,41650,41950
2019-10-26,41650,41950
2019-10-27,41650,41950
2019-10-28,41700,42000
2019-10-29,41580,41880
2019-10-30,41550,41850
2019-10-31,41600,41900
2019-11-01,41850,42150
2019-11-02,41900,42200
2019-11-03,41900,42200
2019-11-04,41870,42170
2019-11-05,41700,42000
2019-11-06,41470,41770
2019-11-07,41560,41860
2019-11-08,41380,41680
2019-11-09,41150,41450
2019-11-10,41150,41450
2019-11-11,41250,41500
2019-11-12,41050,41300
2019-11-13,41150,41400
2019-11-14,41200,41450
2019-11-15,41240,41490
2019-11-16,41240,41490
2019-11-17,41240,41490
2019-11-18,41230,41460
2019-11-19,41270,41500
2019-11-20,41400,41650
2019-11-21,41350,41600
2019-11-22,41300,41550
2019-11-23,41300,41550
2019-11-24,41300,41550
2019-11-25,41240,41490
2019-11-26,41100,41320
2019-11-27,41210,41420
2019-11-28,41100,41320
2019-11-29,41120,41350
2019-11-30,41250,41450
2019-12-01,41250,41450
2019-12-02,41220,41420
2019-12-03,41190,41390
2019-12-04,41430,41650
2019-12-05,41380,41600
2019-12-06,41330,41550
2019-12-07,41150,41400
2019-12-08,41150,41400
2019-12-09,41150,41400
2019-12-10,41150,41400
2019-12-11,41150,41400
2019-12-12,41250,41500
2019-12-13,41250,41500
2019-12-14,41250,41500
2019-12-15,41250,41500
2019-12-16,41360,41580
2019-12-17,41390,41610
2019-12-18,41390,41610
2019-12-19,41420,41650
2019-12-20,41420,41650
2019-12-21,41420,41650
2019-12-22,41420,41650
2019-12-23,41470,41700
2019-12-24,41630,41850
2019-12-25,41840,42090
2019-12-26,41900,42200
2019-12-27,42050,42390
2019-12-28,42050,42390
2019-12-29,42050,42390
2019-12-30,42150,42550
2019-12-31,42300,42800
2020-01-01,42300,42800
2020-01-02,42300,42800
2020-01-03,42600,43000
2020-01-04,42900,43300
2020-01-05,42900,43300
2020-01-06,43850,44300
2020-01-07,43600,44000
2020-01-08,44050,44550
2020-01-09,43050,43500
2020-01-10,42950,43400
2020-01-11,43200,43650
2020-01-12,43200,43650
2020-01-13,42950,43350
2020-01-14,42950,43300
2020-01-15,43000,43400
2020-01-16,42950,43350
2020-01-17,43000,43400
2020-01-18,43000,43400
2020-01-19,43000,43400
2020-01-20,43450,43850
2020-01-21,43650,44050
2020-01-22,43300,43800
2020-01-23,43600,44000
2020-01-24,43600,44000
2020-01-25,43600,44000
2020-01-26,43600,44000
2020-01-27,43700,44150
2020-01-28,43800,44250
2020-01-29,43600,44200
2020-01-30,43900,44600
2020-01-31,43900,44600
2020-02-01,44200,44850
2020-02-02,44200,44950
2020-02-03,43800,44600
2020-02-04,43650,44150
2020-02-05,43250,43750
2020-02-06,43250,43750
2020-02-07,43450,43950
2020-02-08,43500,44050
2020-02-09,43500,44050
2020-02-10,43800,44250
2020-02-11,43800,44200
2020-02-12,43850,44250
2020-02-13,43850,44250
2020-02-14,43900,44350
2020-02-15,44000,44400
2020-02-16,44000,44400
2020-02-17,44000,44400
2020-02-18,44150,44540
2020-02-19,44600,45050
2020-02-20,44630,45000
2020-02-21,44950,45550
2020-02-22,45100,45900
2020-02-23,45100,45900
2020-02-24,47000,49200
2020-02-25,45800,47300
2020-02-26,45800,46900
2020-02-27,45700,46700
2020-02-28,45500,46550
2020-02-29,44700,45800
2020-03-01,44700,45800
2020-03-02,45500,46350
2020-03-03,45500,46350
2020-03-04,46050,46950
2020-03-05,46050,46950
2020-03-06,46500,47200
2020-03-07,46500,47200
2020-03-08,46500,47400
2020-03-09,46950,47850
2020-03-10,46700,47600
2020-03-11,46700,47500
2020-03-12,46450,47250
2020-03-13,45200,46500
2020-03-14,45100,46600
2020-03-15,45100,46600
2020-03-16,45200,46800
2020-03-17,45100,46200
2020-03-18,45300,46300
2020-03-19,45400,46400
2020-03-20,45700,46800
2020-03-21,45700,46800
2020-03-22,45700,46800
2020-03-23,45700,46600
2020-03-24,46100,47000
2020-03-25,46300,47300
2020-03-26,46300,47300
2020-03-27,46800,47950
2020-03-28,46800,47950
2020-03-29,46800,47950
2020-03-30,47150,48350
2020-03-31,47000,48300
2020-04-01,47000,48300
2020-04-02,47000,48300
2020-04-03,46800,48100
2020-04-04,46800,48100
2020-04-05,46800,48100
2020-04-06,46600,47900
2020-04-07,46900,48200
2020-04-08,46700,47900
2020-04-09,46700,47900
2020-04-10,47000,48200
2020-04-11,47000,48200
2020-04-12,47000,48200
2020-04-13,47000,48200
2020-04-14,47300,48600
2020-04-15,47300,48600
2020-04-16,47200,48400
2020-04-17,47200,48400
2020-04-18,47200,48400
2020-04-19,47200,48400
2020-04-20,47200,48300
2020-04-21,47200,48050
2020-04-22,47200,48050
2020-04-23,47400,48300
2020-04-24,47500,48400
2020-04-25,47300,48450
2020-04-26,47300,48450
2020-04-27,47700,48500
2020-04-28,47600,48350
2020-04-29,47800,48600
2020-04-30,47800,48600
2020-05-01,47800,48600
2020-05-02,47800,48600
2020-05-03,47800,48600
2020-05-04,47800,48600
2020-05-05,47800,48400
2020-05-06,47800,48400
2020-05-07,47600,48200
2020-05-08,47800,48400
2020-05-09,47800,48400
2020-05-10,47800,48400
2020-05-11,47800,48400
2020-05-12,47800,48180
2020-05-13,47850,48250
2020-05-14,48150,48450
2020-05-15,48320,48640
2020-05-16,48320,48640
2020-05-17,48320,48640
2020-05-18,48900,49350
2020-05-19,48550,48950
2020-05-20,48600,48980
2020-05-21,48500,48850
2020-05-22,48500,48800
2020-05-23,48500,48900
2020-05-24,48500,48900
2020-05-25,48450,48800
2020-05-26,48500,48800
2020-05-27,48350,48650
2020-05-28,48400,48730
2020-05-29,48400,48730
2020-05-30,48500,48820
2020-05-31,48500,48820
2020-06-01,48700,49030
2020-06-02,48650,48920
2020-06-03,48550,48800
2020-06-04,48420,48720
2020-06-05,48500,48800
2020-06-06,48300,48600
2020-06-07,48300,48600
2020-06-08,48300,48550
2020-06-09,48320,48550
2020-06-10,48450,48700
2020-06-11,48550,48800
2020-06-12,48500,48750
2020-06-13,48500,48750
2020-06-14,48500,48750
2020-06-15,48430,48680
2020-06-16,48470,48720
2020-06-17,48300,48550
2020-06-18,48400,48650
2020-06-19,48360,48610
2020-06-20,48500,48900
2020-06-21,48500,48900
2020-06-22,48630,48880
2020-06-23,48680,48950
2020-06-24,48950,49270
2020-06-25,48840,49150
2020-06-26,48850,49100
2020-06-27,48950,49250
2020-06-28,48950,49250
2020-06-29,49000,49300
2020-06-30,49070,49370
2020-07-01,49400,49800
2020-07-02,49200,49500
2020-07-03,49450,49700
2020-07-04,49500,49850
2020-07-05,49500,49850
2020-07-06,49650,49920
2020-07-07,49750,50080
2020-07-08,49900,50180
2020-07-09,50250,50600
2020-07-10,50100,50450
2020-07-11,50100,50450
2020-07-12,50100,50450
2020-07-13,50230,50530
2020-07-14,50180,50420
2020-07-15,50300,50600
2020-07-16,50350,50600
2020-07-17,50450,50650
2020-07-18,50450,50700
2020-07-19,50450,50700
2020-07-20,50600,50850
2020-07-21,51180,51470
2020-07-22,52100,52750
2020-07-23,53350,54500
2020-07-24,53700,55000
2020-07-25,53550,54900
2020-07-26,53550,54900
2020-07-27,55250,56700
2020-07-28,55200,57200
2020-07-29,56300,57600
2020-07-30,56400,57500
2020-07-31,56500,57700
2020-08-01,56500,57700
2020-08-02,56500,57700
2020-08-03,56900,57900
2020-08-04,56800,57800
2020-08-05,58000,58800
2020-08-06,59600,61000
2020-08-07,60100,61900
2020-08-08,58200,60200
2020-08-09,58200,60200
2020-08-10,56500,57700
2020-08-11,53000,55650
2020-08-12,53200,56200
2020-08-13,53400,55600
2020-08-14,54800,56300
2020-08-15,54300,56100
2020-08-16,54300,56100
2020-08-17,55300,56500
2020-08-18,56500,58000
2020-08-19,55800,57000
2020-08-20,55100,56400
2020-08-21,55300,56500
2020-08-22,55100,56200
2020-08-23,55100,56200
2020-08-24,55400,56400
2020-08-25,55200,56100
2020-08-26,54950,55800
2020-08-27,55500,56200
2020-08-28,55600,56600
2020-08-29,55700,56700
2020-08-30,55700,56700
2020-08-31,56450,57200
2020-09-01,56850,57550
2020-09-02,56300,57300
2020-09-03,56000,56700
2020-09-04,56000,56700
2020-09-05,55900,56700
2020-09-06,55900,56700
2020-09-07,55900,56450
2020-09-08,55600,56200
2020-09-09,55750,56250
2020-09-10,56150,56600
2020-09-11,56150,56600
2020-09-12,56100,56550
2020-09-13,56100,56550
2020-09-14,56100,56450
2020-09-15,56300,56650
2020-09-16,56300,56700
2020-09-17,56000,56400
2020-09-18,56150,56550
2020-09-19,56100,56500
2020-09-20,56100,56500
2020-09-21,56050,56500
2020-09-22,55800,56200
2020-09-23,55400,55850
2020-09-24,54500,55000
2020-09-25,55100,56000
2020-09-26,54950,55550
2020-09-27,54950,55550
2020-09-28,54650,55300
2020-09-29,55100,55600
2020-09-30,55150,55550
2020-10-01,55600,56000
2020-10-02,56100,56500
2020-10-03,56000,56450
2020-10-04,56000,56450
2020-10-05,55800,56300
2020-10-06,55950,56400
2020-10-07,55700,56150
2020-10-08,55650,56150
2020-10-09,55750,56300
2020-10-10,55900,56400
2020-10-11,55900,56400
2020-10-12,55850,56350
2020-10-13,55950,56450
2020-10-14,55850,56250
2020-10-15,55750,56250
2020-10-16,55850,56250
2020-10-17,55800,56200
2020-10-18,55800,56200
2020-10-19,55900,56300
2020-10-20,55950,56350
2020-10-21,56050,56400
2020-10-22,55950,56350
2020-10-23,55950,56350
2020-10-24,55900,56300
2020-10-25,55900,56300
2020-10-26,55950,56300
2020-10-27,55950,56300
2020-10-28,55950,56300
2020-10-29,55800,56200
2020-10-30,55850,56300
2020-10-31,55950,56350
2020-11-01,55950,56350
2020-11-02,56100,56450
2020-11-03,56250,56700
2020-11-04,55900,56400
2020-11-05,56000,56500
2020-11-06,56200,56700
2020-11-07,56200,56750
2020-11-08,56200,56750
2020-11-09,56300,56900
2020-11-10,55850,56400
2020-11-11,55900,56400
2020-11-12,55900,56350
2020-11-13,55900,56300
2020-11-14,55900,56400
2020-11-15,55900,56400
2020-11-16,55950,56400
2020-11-17,55850,56300
2020-11-18,55850,56250
2020-11-19,55600,56000
2020-11-20,55700,56100
2020-11-21,55680,56100
2020-11-22,55680,56100
2020-11-23,55600,56050
2020-11-24,54950,55400
2020-11-25,54200,54750
2020-11-26,54500,54950
2020-11-27,54400,54850
2020-11-28,54000,54550
2020-11-29,54000,54550
2020-11-30,53200,53750
2020-12-01,53750,54500
2020-12-02,54450,55150
2020-12-03,54750,55450
2020-12-04,54650,55350
2020-12-05,54550,55250
2020-12-06,54550,55250
2020-12-07,54500,55150
2020-12-08,54900,55500
2020-12-09,54700,55300
2020-12-10,54450,55100
2020-12-11,54650,55200
2020-12-12,54650,55250
2020-12-13,54650,55250
2020-12-14,54600,55100
2020-12-15,54700,55250
2020-12-16,54850,55400
2020-12-17,55000,55550
2020-12-18,55000,55500
2020-12-19,55000,55500
2020-12-20,55000,55500
2020-12-21,55050,55700
2020-12-22,55050,55550
2020-12-23,55050,55600
2020-12-24,55250,55800
2020-12-25,55300,55850
2020-12-26,55300,55800
2020-12-27,55300,55800
2020-12-28,55300,55800
2020-12-29,55400,55900
2020-12-30,55400,55900
2020-12-31,55500,56100
2021-01-01,55500,56100
2021-01-02,55550,56150
2021-01-03,55550,56150
2021-01-04,56300,56800
2021-01-05,56600,57150
2021-01-06,56750,57300
2021-01-07,56250,56750
2021-01-08,55750,56300
2021-01-09,55300,56000
2021-01-10,55300,56000
2021-01-11,55750,56400
2021-01-12,56050,56650
2021-01-13,55900,56500
2021-01-14,55850,56400
2021-01-15,56000,56550
2021-01-16,55750,56400
2021-01-17,55750,56400
2021-01-18,55850,56400
2021-01-19,55850,56400
2021-01-20,56050,56600
2021-01-21,56050,56550
2021-01-22,55900,56400
2021-01-23,55850,56400
2021-01-24,55850,56400
2021-01-25,56050,56550
2021-01-26,56100,56600
2021-01-27,56100,56600
2021-01-28,56050,56550
2021-01-29,56200,56700
2021-01-30,56200,56700
2021-01-31,56200,56700
2021-02-01,56550,57050
2021-02-02,56300,56800
2021-02-03,56350,56850
2021-02-04,56200,56700
2021-02-05,56350,56850
2021-02-06,56350,56850
2021-02-07,56350,56850
2021-02-08,56450,57000
2021-02-09,56850,57450
2021-02-10,56750,57350
2021-02-11,56750,57350
2021-02-12,56750,57350
2021-02-13,56750,57350
2021-02-14,56750,57350
2021-02-15,56750,57350
2021-02-16,56750,57350
2021-02-17,56350,56900
2021-02-18,56000,56550
2021-02-19,55700,56300
2021-02-20,55600,56300
2021-02-21,55650,56350
2021-02-22,55850,56400
2021-02-23,56100,56650
2021-02-24,56000,56500
2021-02-25,55900,56400
2021-02-26,55800,56300
2021-02-27,55500,56050
2021-02-28,55500,56050
2021-03-01,55700,56200
2021-03-02,55650,56100
2021-03-03,55550,56000
2021-03-04,55600,56000
2021-03-05,55000,55500
2021-03-06,55050,55600
2021-03-07,55050,55600
2021-03-08,55000,55450
2021-03-09,54650,55150
2021-03-10,54900,55350
2021-03-11,55400,55800
2021-03-12,55200,55600
2021-03-13,55300,55800
2021-03-14,55300,55800
2021-03-15,55300,55700
2021-03-16,55250,55650
2021-03-17,55150,55550
2021-03-18,55100,55500
2021-03-19,55050,55450
2021-03-20,55150,55550
2021-03-21,55150,55550
2021-03-22,55000,55450
2021-03-23,55200,55600
2021-03-24,55100,55500
2021-03-25,55000,55450
2021-03-26,54860,55260
2021-03-27,54900,55400
2021-03-28,54900,55400
2021-03-29,54750,55150
2021-03-30,54350,54800
2021-03-31,54100,54500
2021-04-01,54500,54900
2021-04-02,54900,55350
2021-04-03,54900,55350
2021-04-04,54900,55350
2021-04-05,54700,55100
2021-04-06,54850,55250
2021-04-07,54850,55250
2021-04-08,54850,55250
2021-04-09,54850,55250
2021-04-10,54850,55250
2021-04-11,54850,55250
2021-04-12,54850,55250
2021-04-13,54800,55200
2021-04-14,54900,55300
2021-04-15,54950,55350
2021-04-16,55050,55450
2021-04-17,55200,55600
2021-04-18,55200,55600
2021-04-19,55600,56000
2021-04-20,55400,55800
2021-04-21,55400,55900
2021-04-22,55450,55850
2021-04-23,55430,55750
2021-04-24,55150,55650
2021-04-25,55150,55650
2021-04-26,55150,55500
2021-04-27,55300,55650
2021-04-28,55300,55650
2021-04-29,55200,55600
2021-04-30,55200,55600
2021-05-01,55200,55600
2021-05-02,55200,55600
2021-05-03,55200,55600
2021-05-04,55300,55650
2021-05-05,55300,55620
2021-05-06,55380,55680
2021-05-07,55600,55950
2021-05-08,55650,56100
2021-05-09,55700,56200
2021-05-10,55900,56300
2021-05-11,55900,56250
2021-05-12,55750,56120
2021-05-13,55700,56050
2021-05-14,55880,56220
2021-05-15,55950,56350
2021-05-16,55950,56350
2021-05-17,56000,56350
2021-05-18,56050,56400
2021-05-19,55850,56200
2021-05-20,56000,56300
2021-05-21,56050,56400
2021-05-22,56100,56450
2021-05-23,56100,56450
2021-05-24,56050,56380
2021-05-25,56100,56450
2021-05-26,56200,56500
2021-05-27,56080,56480
2021-05-28,56250,56650
2021-05-29,56300,56800
2021-05-30,56300,56800
2021-05-31,56600,57400
2021-06-01,56950,57650
2021-06-02,56950,57550
2021-06-03,56750,57350
2021-06-04,56600,57250
2021-06-05,56800,57450
2021-06-06,56800,57450
2021-06-07,56600,57200
2021-06-08,56750,57350
2021-06-09,56650,57250
2021-06-10,56700,57300
2021-06-11,56900,57500
2021-06-12,56700,57300
2021-06-13,56700,57300
2021-06-14,56550,57150
2021-06-15,56600,57200
2021-06-16,56650,57250
2021-06-17,56250,56850
2021-06-18,56200,56800
2021-06-19,56150,56750
2021-06-20,56150,56750
2021-06-21,56350,56950
2021-06-22,56400,57000
2021-06-23,56550,57100
2021-06-24,56500,57050
2021-06-25,56500,57050
2021-06-26,56500,57100
2021-06-27,56500,57100
2021-06-28,56500,57000
2021-06-29,56400,56900
2021-06-30,56300,56850
2021-07-01,56300,56900
2021-07-02,56600,57150
2021-07-03,56600,57200
2021-07-04,56600,57200
2021-07-05,56800,57350
2021-07-06,56850,57400
2021-07-07,56900,57450
2021-07-08,56900,57550
2021-07-09,56850,57500
2021-07-10,56850,57500
2021-07-11,56850,57500
2021-07-12,56600,57350
2021-07-13,56600,57350
2021-07-14,56650,57400
2021-07-15,56850,57600
2021-07-16,56750,57500
2021-07-17,56850,57500
2021-07-18,56850,57500
2021-07-19,56900,57550
2021-07-20,56900,57550
2021-07-21,56800,57450
2021-07-22,56800,57450
2021-07-23,56850,57500
2021-07-24,56850,57500
2021-07-25,56850,57500
2021-07-26,56800,57450
2021-07-27,56600,57300
2021-07-28,56500,57200
2021-07-29,56650,57350
2021-07-30,56700,57400
2021-07-31,56550,57250
2021-08-01,56550,57250
2021-08-02,56500,57200
2021-08-03,56600,57300
2021-08-04,56700,57350
2021-08-05,56550,57250
2021-08-06,56550,57250
2021-08-07,56300,57000
2021-08-08,56300,57000
2021-08-09,56250,56950
2021-08-10,56250,56950
2021-08-11,56250,56950
2021-08-12,56400,57100
2021-08-13,56400,57100
2021-08-14,56500,57200
2021-08-15,56500,57200
2021-08-16,56550,57250
2021-08-17,56650,57350
2021-08-18,56650,57350
2021-08-19,56550,57300
2021-08-20,56450,57200
2021-08-21,56450,57200
2021-08-22,56450,57200
2021-08-23,56450,57600
2021-08-24,56450,57600
2021-08-25,56450,57450
2021-08-26,56450,57400
2021-08-27,56300,57200
2021-08-28,56500,57400
2021-08-29,56500,57400
2021-08-30,56500,57500
2021-08-31,56500,57500
2021-09-01,56500,57500
2021-09-02,56500,57500
2021-09-03,56500,57500
2021-09-04,56500,57500
2021-09-05,56500,57500
2021-09-06,56800,57700
2021-09-07,56800,57700
2021-09-08,56800,57600
2021-09-09,56800,57600
2021-09-10,56800,57600
2021-09-11,56800,57600
2021-09-12,56800,57600
2021-09-13,56800,57600
2021-09-14,56800,57600
2021-09-15,56800,57600
2021-09-16,56800,57600
2021-09-17,56600,57300
2021-09-18,56200,57200
2021-09-19,56200,57200
2021-09-20,56300,57200
2021-09-21,56500,57400
2021-09-22,56550,57400
2021-09-23,56550,57400
2021-09-24,56500,57300
2021-09-25,56500,57300
2021-09-26,56500,57300
2021-09-27,56500,57300
2021-09-28,56400,57300
2021-09-29,56500,57200
2021-09-30,56400,57200
2021-10-01,56500,57300
2021-10-02,56550,57300
2021-10-03,56550,57300
2021-10-04,56600,57400
2021-10-05,56700,57600
2021-10-06,56800,57550
2021-10-07,57100,57750
2021-10-08,57150,57850
2021-10-09,57150,57850
2021-10-10,57150,57850
2021-10-11,57250,57950
2021-10-12,57350,58050
2021-10-13,57350,58050
2021-10-14,57350,58050
2021-10-15,57000,57750
2021-10-16,57000,57750
2021-10-17,57000,57750
2021-10-18,57000,57750
2021-10-19,57350,58000
2021-10-20,57300,58000
2021-10-21,57300,58000
2021-10-22,57500,58150
2021-10-23,57550,58200
2021-10-24,57550,58200
2021-10-25,57600,58250
2021-10-26,57800,58500
2021-10-27,57950,58650
2021-10-28,57800,58500
2021-10-29,57700,58400
2021-10-30,57700,58400
2021-10-31,57700,58400
2021-11-01,57600,58250
2021-11-02,57850,58500
2021-11-03,57850,58500
2021-11-04,57850,58500
2021-11-05,58100,58750
2021-11-06,58100,58750
2021-11-07,58100,58750
2021-11-08,58300,58950
2021-11-09,58600,59200
2021-11-10,58650,59300
2021-11-11,59300,60000
2021-11-12,60000,60700
2021-11-13,60000,60800
2021-11-14,60000,60800
2021-11-15,60100,60800
2021-11-16,61100,61900
2021-11-17,61000,61800
2021-11-18,61000,61750
2021-11-19,60000,60800
2021-11-20,59300,60500
2021-11-21,59300,60500
2021-11-22,59200,60000
2021-11-23,59200,60000
2021-11-24,59400,60100
2021-11-25,59450,60150
2021-11-26,60300,61000
2021-11-27,60000,60800
2021-11-28,60000,60800
2021-11-29,59900,60600
2021-11-30,59900,60650
2021-12-01,59800,60550
2021-12-02,60000,60700
2021-12-03,60150,60850
2021-12-04,60200,61000
2021-12-05,60200,61000
2021-12-06,60700,61400
2021-12-07,60650,61350
2021-12-08,60400,61100
2021-12-09,60550,61250
2021-12-10,60550,61250
2021-12-11,60700,61400
2021-12-12,60700,61400
2021-12-13,60800,61500
2021-12-14,60900,61600
2021-12-15,60600,61300
2021-12-16,60800,61500
2021-12-17,60950,61650
2021-12-18,60950,61650
2021-12-19,60950,61650
2021-12-20,61000,61700
2021-12-21,60800,61500
2021-12-22,60800,61500
2021-12-23,60900,61600
2021-12-24,60800,61500
2021-12-25,60800,61500
2021-12-26,60800,61500
2021-12-27,60800,61500
2021-12-28,60800,61500
2021-12-29,60600,61300
2021-12-30,60500,61200
2021-12-31,60900,61600
2022-01-01,60900,61600
2022-01-02,60900,61600
2022-01-03,61000,61700
2022-01-04,60800,61500
2022-01-05,60950,61650
2022-01-06,60700,61400
2022-01-07,60750,61450
2022-01-08,60900,61600
2022-01-09,60900,61600
2022-01-10,60800,61500
2022-01-11,61000,61650
2022-01-12,61150,61650
2022-01-13,61000,61650
2022-01-14,60900,61550
2022-01-15,60900,61600
2022-01-16,60900,61600
2022-01-17,60900,61600
2022-01-18,60900,61650
2022-01-19,61000,61700
2022-01-20,61000,61650
2022-01-21,61000,61700
2022-01-22,61000,61700
2022-01-23,61000,61700
2022-01-24,61500,62100
2022-01-25,61900,62500
2022-01-26,61850,62450
2022-01-27,61800,62400
2022-01-28,61900,62550
2022-01-29,61800,62500
2022-01-30,61800,62500
2022-01-31,61800,62500
2022-02-01,61800,62500
2022-02-02,61800,62500
2022-02-03,61800,62500
2022-02-04,61800,62500
2022-02-05,61800,62500
2022-02-06,61800,62500
2022-02-07,62400,63400
2022-02-08,61800,62500
2022-02-09,61300,62100
2022-02-10,61100,62250
2022-02-11,61550,62350
2022-02-12,61800,62500
2022-02-13,61800,62500
2022-02-14,62200,62900
2022-02-15,62150,62800
2022-02-16,62200,62850
2022-02-17,62500,63200
2022-02-18,62550,63200
2022-02-19,62550,63200
2022-02-20,62550,63200
2022-02-21,62800,63400
2022-02-22,63000,63600
2022-02-23,63300,63900
2022-02-24,65000,66900
2022-02-25,64700,65800
2022-02-26,64200,65500
2022-02-27,64200,65500
2022-02-28,64950,65950
2022-03-01,65600,66400
2022-03-02,66500,67300
2022-03-03,66300,67300
2022-03-04,66800,67800
2022-03-05,67100,68500
2022-03-06,67300,69300
2022-03-07,70900,74000
2022-03-08,70200,72300
2022-03-09,68400,70200
2022-03-10,67600,69600
2022-03-11,68500,70500
2022-03-12,68500,70500
2022-03-13,68500,70500
2022-03-14,67400,69000
2022-03-15,67000,68500
2022-03-16,67000,68200
2022-03-17,67500,68700
2022-03-18,68000,69000
2022-03-19,67800,68800
2022-03-20,67800,68800
2022-03-21,67600,68600
2022-03-22,67800,68750
2022-03-23,67900,68800
2022-03-24,68200,68900
2022-03-25,68500,69250
2022-03-26,68500,69250
2022-03-27,68500,69250
2022-03-28,68600,69300
2022-03-29,68400,69150
2022-03-30,68000,68700
2022-03-31,68100,68850
2022-04-01,68400,69100
2022-04-02,68400,69100
2022-04-03,68400,69100
2022-04-04,68200,68900
2022-04-05,68200,68800
2022-04-06,68200,68800
2022-04-07,68200,68800
2022-04-08,68300,69000
2022-04-09,68600,69400
2022-04-10,68600,69400
2022-04-11,68600,69400
2022-04-12,68800,69450
2022-04-13,69100,69800
2022-04-14,68900,69500
2022-04-15,69000,69700
2022-04-16,69000,69700
2022-04-17,69000,69700
2022-04-18,70300,71000
2022-04-19,70000,70750
2022-04-20,69300,70100
2022-04-21,69800,70450
2022-04-22,69800,70500
2022-04-23,69700,70400
2022-04-24,69700,70400
2022-04-25,69500,70200
2022-04-26,69400,70100
2022-04-27,69300,70050
2022-04-28,69200,69950
2022-04-29,69500,70300
2022-04-30,69500,70300
2022-05-01,69500,70300
2022-05-02,69500,70300
2022-05-03,69500,70300
2022-05-04,69400,70100
2022-05-05,69600,70300
2022-05-06,69700,70400
2022-05-07,69800,70450
2022-05-08,69800,70450
2022-05-09,69650,70300
2022-05-10,69400,70100
2022-05-11,69500,70200
2022-05-12,69600,70200
2022-05-13,69100,69800
2022-05-14,68800,69700
2022-05-15,68800,69700
2022-05-16,68450,69300
2022-05-17,68300,69250
2022-05-18,68300,69250
2022-05-19,68300,69250
2022-05-20,68750,69500
2022-05-21,68900,69800
2022-05-22,68900,69800
2022-05-23,68900,69900
2022-05-24,68900,69900
2022-05-25,68000,69000
2022-05-26,68200,69200
2022-05-27,68400,69400
2022-05-28,68400,69400
2022-05-29,68400,69400
2022-05-30,68200,69200
2022-05-31,68100,69100
2022-06-01,68300,69300
2022-06-02,68400,69400
2022-06-03,68800,69700
2022-06-04,68800,69700
2022-06-05,68800,69700
2022-06-06,68600,69500
2022-06-07,68600,69500
2022-06-08,68700,69600
2022-06-09,68700,69600
2022-06-10,68500,69400
2022-06-11,69000,69700
2022-06-12,69000,69700
2022-06-13,67900,68700
2022-06-14,67600,68400
2022-06-15,67600,68400
2022-06-16,67600,68400
2022-06-17,67800,68700
2022-06-18,67800,68700
2022-06-19,67800,68700
2022-06-20,67800,68600
2022-06-21,67800,68600
2022-06-22,67800,68500
2022-06-23,67800,68600
2022-06-24,67700,68500
2022-06-25,67700,68500
2022-06-26,67700,68500
2022-06-27,67800,68600
2022-06-28,67800,68700
2022-06-29,68000,68800
2022-06-30,68300,68900
2022-07-01,68100,68700
2022-07-02,68100,68700
2022-07-03,68100,68700
2022-07-04,68100,68700
2022-07-05,68100,68700
2022-07-06,67700,68400
2022-07-07,67700,68300
2022-07-08,67900,68500
2022-07-09,67900,68500
2022-07-10,67900,68500
2022-07-11,67600,68250
2022-07-12,67650,68250
2022-07-13,67600,68200
2022-07-14,67600,68200
2022-07-15,67300,67900
2022-07-16,67350,67950
2022-07-17,67350,67950
2022-07-18,62800,64800
2022-07-19,63300,65300
2022-07-20,64500,66300
2022-07-21,63300,65300
2022-07-22,64900,66400
2022-07-23,64900,66400
2022-07-24,64900,66400
2022-07-25,65200,66400
2022-07-26,65200,66400
2022-07-27,65000,66050
2022-07-28,65000,66000
2022-07-29,65700,66700
2022-07-30,65700,66700
2022-07-31,65700,66700
2022-08-01,67000,68000
2022-08-02,67400,68400
2022-08-03,66000,67000
2022-08-04,66400,67400
2022-08-05,66600,67600
2022-08-06,66600,67600
2022-08-07,66600,67600
2022-08-08,66300,67250
2022-08-09,66200,67200
2022-08-10,66000,67000
2022-08-11,66200,67200
2022-08-12,66400,67400
2022-08-13,66600,67550
2022-08-14,66600,67550
2022-08-15,66100,67000
2022-08-16,66000,66900
2022-08-17,66300,67050
2022-08-18,66300,67050
2022-08-19,66100,67000
2022-08-20,66200,67100
2022-08-21,66200,67100
2022-08-22,66100,67000
2022-08-23,66100,67000
2022-08-24,66200,67100
2022-08-25,66100,66900
2022-08-26,66100,66900
2022-08-27,66100,66900
2022-08-28,66100,66900
2022-08-29,65700,66500
2022-08-30,65900,66700
2022-08-31,65700,66500
2022-09-01,65700,66500
2022-09-02,65700,66500
2022-09-03,65700,66500
2022-09-04,65700,66500
2022-09-05,65900,66700
2022-09-06,66000,66800
2022-09-07,65900,66700
2022-09-08,66100,66900
2022-09-09,66100,67000
2022-09-10,66100,67000
2022-09-11,66100,67000
2022-09-12,66200,67000
2022-09-13,66200,67000
2022-09-14,66000,66800
2022-09-15,65950,66750
2022-09-16,65700,66500
2022-09-17,65750,66550
2022-09-18,65750,66550
2022-09-19,65700,66500
2022-09-20,65800,66600
2022-09-21,65800,66600
2022-09-22,65800,66600
2022-09-23,65800,66600
2022-09-24,65700,66500
2022-09-25,65700,66500
2022-09-26,65600,66400
2022-09-27,64600,65600
2022-09-28,64100,65100
2022-09-29,64500,65500
2022-09-30,65200,66200
2022-10-01,65100,66100
2022-10-02,65100,66100
2022-10-03,65200,66200
2022-10-04,65400,66400
2022-10-05,65400,66400
2022-10-06,65000,65900
2022-10-07,65000,65800
2022-10-08,65000,65800
2022-10-09,65000,65800
2022-10-10,66200,67200
2022-10-11,65900,66900
2022-10-12,65900,66900
2022-10-13,66000,67000
2022-10-14,66100,67100
2022-10-15,66100,67000
2022-10-16,66100,67000
2022-10-17,66200,67100
2022-10-18,66200,67100
2022-10-19,66100,67000
2022-10-20,66300,67200
2022-10-21,66300,67200
2022-10-22,66700,67600
2022-10-23,66700,67600
2022-10-24,66400,67300
2022-10-25,66200,67100
2022-10-26,66400,67400
2022-10-27,66300,67200
2022-10-28,66200,67100
2022-10-29,66100,67000
2022-10-30,66100,67000
2022-10-31,66100,67000
2022-11-01,66100,67000
2022-11-02,66300,67200
2022-11-03,66000,66900
2022-11-04,66300,67200
2022-11-05,66800,67700
2022-11-06,66800,67700
2022-11-07,66400,67300
2022-11-08,66200,67100
2022-11-09,66500,67400
2022-11-10,66500,67400
2022-11-11,66600,67600
2022-11-12,66600,67600
2022-11-13,66600,67600
2022-11-14,66500,67500
2022-11-15,66800,67800
2022-11-16,66750,67650
2022-11-17,66600,67500
2022-11-18,66700,67600
2022-11-19,66600,67500
2022-11-20,66600,67500
2022-11-21,66600,67500
2022-11-22,66400,67300
2022-11-23,66300,67300
2022-11-24,66700,67500
2022-11-25,66900,67700
2022-11-26,66900,67700
2022-11-27,66900,67700
2022-11-28,66500,67300
2022-11-29,66300,67200
2022-11-30,66500,67300
2022-12-01,66800,67600
2022-12-02,66300,67100
2022-12-03,66200,67000
2022-12-04,66200,67000
2022-12-05,66300,67100
2022-12-06,66400,67200
2022-12-07,66100,66900
2022-12-08,66100,66900
2022-12-09,66300,67100
2022-12-10,66300,67100
2022-12-11,66300,67100
2022-12-12,66400,67200
2022-12-13,66100,66900
2022-12-14,66200,67000
2022-12-15,65800,66600
2022-12-16,66100,66900
2022-12-17,66200,67000
2022-12-18,66200,67000
2022-12-19,66100,66900
2022-12-20,66400,67200
2022-12-21,65900,66800
2022-12-22,65900,66800
2022-12-23,66000,66900
2022-12-24,66000,66900
2022-12-25,66000,66900
2022-12-26,66100,67000
2022-12-27,65800,66700
2022-12-28,65800,66600
2022-12-29,65800,66600
2022-12-30,65900,66700
2022-12-31,65900,66700
2023-01-01,65900,66700
2023-01-02,65900,66700
2023-01-03,66300,67200
2023-01-04,66300,67200
2023-01-05,66300,67200
2023-01-06,66000,66900
2023-01-07,66300,67200
2023-01-08,66300,67200
2023-01-09,66000,66800
2023-01-10,65900,66800
2023-01-11,66000,66900
2023-01-12,66000,66900
2023-01-13,66300,67200
2023-01-14,66300,67200
2023-01-15,66300,67200
2023-01-16,66200,67100
2023-01-17,66400,67400
2023-01-18,66400,67500
2023-01-19,66900,67800
2023-01-20,66900,67800
2023-01-21,66900,67800
2023-01-22,66900,67800
2023-01-23,66900,67800
2023-01-24,66900,67800
2023-01-25,66900,67800
2023-01-26,66900,67800
2023-01-27,67200,68200
2023-01-28,67500,68500
2023-01-29,67500,68500
2023-01-30,66300,67300
2023-01-31,66300,67500
2023-02-01,66300,67300
2023-02-02,66700,67700
2023-02-03,66800,67500
2023-02-04,66500,67400
2023-02-05,66500,67400
2023-02-06,66300,67100
2023-02-07,66500,67300
2023-02-08,66600,67400
2023-02-09,66600,67400
2023-02-10,66500,67300
2023-02-11,66500,67300
2023-02-12,66500,67300
2023-02-13,66400,67200
2023-02-14,66500,67300
2023-02-15,66400,67200
2023-02-16,66300,67100
2023-02-17,66300,67100
2023-02-18,66300,67150
2023-02-19,66300,67150
2023-02-20,66300,67150
2023-02-21,66300,67150
2023-02-22,66300,67100
2023-02-23,66300,67000
2023-02-24,66200,66950
2023-02-25,66150,66900
2023-02-26,66150,66900
2023-02-27,66050,66700
2023-02-28,66100,66800
2023-03-01,66200,66850
2023-03-02,66200,66850
2023-03-03,66150,66850
2023-03-04,66250,66950
2023-03-05,66250,66950
2023-03-06,66150,66800
2023-03-07,66100,66750
2023-03-08,65800,66500
2023-03-09,65850,66550
2023-03-10,66000,66650
2023-03-11,66000,66800
2023-03-12,66000,66800
2023-03-13,66350,67000
2023-03-14,66150,66900
2023-03-15,66000,66700
2023-03-16,66150,67000
2023-03-17,66500,67200
2023-03-18,66600,67700
2023-03-19,66600,67700
2023-03-20,66700,67500
2023-03-21,66600,67400
2023-03-22,66500,67150
2023-03-23,66600,67250
2023-03-24,66550,67250
2023-03-25,66550,67250
2023-03-26,66550,67250
2023-03-27,66650,67250
2023-03-28,66500,67200
2023-03-29,66400,67100
2023-03-30,66350,66950
2023-03-31,66450,67050
2023-04-01,66450,67050
2023-04-02,66450,67050
2023-04-03,66250,66900
2023-04-04,66500,67100
2023-04-05,66650,67250
2023-04-06,66500,67100
2023-04-07,66450,67050
2023-04-08,66450,67050
2023-04-09,66450,67050
2023-04-10,66350,66950
2023-04-11,66400,67000
2023-04-12,66450,67000
2023-04-13,66550,67150
2023-04-14,66650,67250
2023-04-15,66450,67000
2023-04-16,66450,67000
2023-04-17,66500,67050
2023-04-18,66550,67100
2023-04-19,66400,66950
2023-04-20,66400,66950
2023-04-21,66450,67000
2023-04-22,66450,67000
2023-04-23,66450,67000
2023-04-24,66450,67000
2023-04-25,66500,67050
2023-04-26,66550,67150
2023-04-27,66600,67200
2023-04-28,66600,67200
2023-04-29,66600,67200
2023-04-30,66600,67200
2023-05-01,66600,67200
2023-05-02,66600,67200
2023-05-03,66600,67200
2023-05-04,66650,67250
2023-05-05,66550,67150
2023-05-06,66550,67150
2023-05-07,66550,67150
2023-05-08,66550,67100
2023-05-09,66600,67150
2023-05-10,66600,67150
2023-05-11,66650,67250
2023-05-12,66600,67200
2023-05-13,66600,67200
2023-05-14,66600,67200
2023-05-15,66600,67200
2023-05-16,66650,67250
2023-05-17,66550,67150
2023-05-18,66600,67200
2023-05-19,66600,67150
2023-05-20,66700,67250
2023-05-21,66700,67250
2023-05-22,66700,67200
2023-05-23,66600,67150
2023-05-24,66550,67100
2023-05-25,66450,67000
2023-05-26,66460,67000
2023-05-27,66460,67000
2023-05-28,66460,67000
2023-05-29,66400,67000
2023-05-30,66400,66950
2023-05-31,66500,67050
2023-06-01,66500,67050
2023-06-02,66500,67050
2023-06-03,66400,67000
2023-06-04,66400,67000
2023-06-05,66400,67000
2023-06-06,66600,67100
2023-06-07,66500,67000
2023-06-08,66450,67000
2023-06-09,66500,67100
2023-06-10,66500,67100
2023-06-11,66500,67100
2023-06-12,66450,67000
2023-06-13,66450,67000
2023-06-14,66450,66950
2023-06-15,66500,67100
2023-06-16,66600,67150
2023-06-17,66600,67150
2023-06-18,66600,67150
2023-06-19,66500,67100
2023-06-20,66500,67050
2023-06-21,66450,67000
2023-06-22,66450,67000
2023-06-23,66450,66950
2023-06-24,66450,66950
2023-06-25,66450,66950
2023-06-26,66500,67000
2023-06-27,66450,66950
2023-06-28,66450,66950
2023-06-29,66450,66950
2023-06-30,66450,66950
2023-07-01,66500,67000
2023-07-02,66500,67000
2023-07-03,66500,66950
2023-07-04,66500,66950
2023-07-05,66500,66950
2023-07-06,66450,66950
2023-07-07,66450,66950
2023-07-08,66500,67000
2023-07-09,66500,67000
2023-07-10,66500,67000
2023-07-11,66550,67100
2023-07-12,66650,67150
2023-07-13,66750,67300
2023-07-14,66750,67300
2023-07-15,66750,67300
2023-07-16,66750,67300
2023-07-17,66600,67100
2023-07-18,66600,67150
2023-07-19,66700,67200
2023-07-20,66700,67200
2023-07-21,66700,67200
2023-07-22,66450,67100
2023-07-23,66450,67100
2023-07-24,66450,67100
2023-07-25,66700,67200
2023-07-26,66700,67200
2023-07-27,66600,67150
2023-07-28,66600,67200
2023-07-29,66600,67200
2023-07-30,66600,67200
2023-07-31,66600,67200
2023-08-01,66600,67200
2023-08-02,66700,67250
2023-08-03,66700,67200
2023-08-04,66700,67250
2023-08-05,66700,67250
2023-08-06,66700,67250
2023-08-07,66750,67300
2023-08-08,66750,67300
2023-08-09,66750,67350
2023-08-10,66750,67300
2023-08-11,66750,67300
2023-08-12,66750,67300
2023-08-13,66750,67300
2023-08-14,66900,67500
2023-08-15,67000,67600
2023-08-16,66900,67500
2023-08-17,66950,67550
2023-08-18,67050,67650
2023-08-19,67050,67650
2023-08-20,67050,67650
2023-08-21,67050,67650
2023-08-22,66950,67600
2023-08-23,67250,67900
2023-08-24,67450,68050
2023-08-25,67300,67950
2023-08-26,67300,67950
2023-08-27,67300,67950
2023-08-28,67400,68050
2023-08-29,67450,68100
2023-08-30,67600,68300
2023-08-31,67600,68300
2023-09-01,67600,68300
2023-09-02,67600,68300
2023-09-03,67600,68300
2023-09-04,67600,68300
2023-09-05,67750,68350
2023-09-06,67800,68400
2023-09-07,67900,68500
2023-09-08,68100,68850
2023-09-09,68100,68850
2023-09-10,68100,68850
2023-09-11,68200,68900
2023-09-12,68200,68900
2023-09-13,68000,68700
2023-09-14,67900,68600
2023-09-15,68000,68800
2023-09-16,68000,68800
2023-09-17,68000,68800
2023-09-18,68500,69250
2023-09-19,68600,69300
2023-09-20,68600,69300
2023-09-21,68600,69300
2023-09-22,68400,69150
2023-09-23,68400,69150
2023-09-24,68400,69150
2023-09-25,68200,69050
2023-09-26,68100,68800
2023-09-27,68100,68800
2023-09-28,68100,68800
2023-09-29,68100,68800
2023-09-30,68100,68800
2023-10-01,68100,68800
2023-10-02,68300,68950
2023-10-03,68300,69000
2023-10-04,68150,68850
2023-10-05,68300,69000
2023-10-06,68400,69100
2023-10-07,68500,69200
2023-10-08,68500,69200
2023-10-09,68900,69650
2023-10-10,69000,69700
2023-10-11,69050,69750
2023-10-12,69650,70350
2023-10-13,69500,70150
2023-10-14,69800,71000
2023-10-15,69800,71000
2023-10-16,69700,70400
2023-10-17,69500,70200
2023-10-18,69650,70350
2023-10-19,69750,70450
2023-10-20,70250,71100
2023-10-21,70200,71100
2023-10-22,70200,71100
2023-10-23,70050,70800
2023-10-24,69900,70650
2023-10-25,69600,70350
2023-10-26,70000,70750
2023-10-27,70100,70900
2023-10-28,70100,71000
2023-10-29,70100,71000
2023-10-30,69850,70600
2023-10-31,70050,70850
2023-11-01,70150,70900
2023-11-02,69900,70600
2023-11-03,69700,70400
2023-11-04,69400,70350
2023-11-05,68900,70000
2023-11-06,68600,70000
2023-11-07,68900,69900
2023-11-08,69300,70350
2023-11-09,69200,70200
2023-11-10,69400,70450
2023-11-11,69200,70200
2023-11-12,69200,70200
2023-11-13,69300,70300
2023-11-14,69600,70400
2023-11-15,69700,70500
2023-11-16,69700,70500
2023-11-17,70000,70850
2023-11-18,70000,70850
2023-11-19,70000,70850
2023-11-20,70100,70850
2023-11-21,70500,71200
2023-11-22,71200,72100
2023-11-23,70800,71700
2023-11-24,71000,71900
2023-11-25,71200,72100
2023-11-26,71200,72100
2023-11-27,71600,72500
2023-11-28,72600,73600
2023-11-29,72300,73600
2023-11-30,72400,73600
2023-12-01,72400,73600
2023-12-02,72700,73900
2023-12-03,72700,73900
2023-12-04,73200,74300
2023-12-05,73200,74300
2023-12-06,73200,74300
2023-12-07,73200,74300
2023-12-08,73200,74200
2023-12-09,73000,74100
2023-12-10,73000,74100
2023-12-11,72800,73800
2023-12-12,72500,73500
2023-12-13,72700,73700
2023-12-14,73300,74300
2023-12-15,73500,74500
2023-12-16,73400,74400
2023-12-17,73400,74400
2023-12-18,73400,74400
2023-12-19,74000,74900
2023-12-20,74600,75500
2023-12-21,74900,75800
2023-12-22,75750,76950
2023-12-23,75750,76950
2023-12-24,75750,76950
2023-12-25,77500,78500
2023-12-26,77400,79200
2023-12-27,77800,79600
2023-12-28,74500,77500
2023-12-29,72500,76000
2023-12-30,70000,73900
2023-12-31,70000,73900
2024-01-01,70000,73900
2024-01-02,72500,75500
2024-01-03,73000,76000
2024-01-04,72500,75200
2024-01-05,72500,75200
2024-01-06,72500,75200
2024-01-07,72500,75200
2024-01-08,71500,74200
2024-01-09,72000,74700
2024-01-10,72100,74750
2024-01-11,73200,75300
2024-01-12,73700,76000
2024-01-13,74500,77500
2024-01-14,74500,77500
2024-01-15,74300,76500
2024-01-16,74500,76700
2024-01-17,73900,76300
2024-01-18,74000,76300
2024-01-19,74300,76900
2024-01-20,74300,76900
2024-01-21,74300,76900
2024-01-22,73500,76000
2024-01-23,74000,76500
2024-01-24,74200,76700
2024-01-25,74000,76500
2024-01-26,74400,76800
2024-01-27,74400,76800
2024-01-28,74400,76800
2024-01-29,74400,76800
2024-01-30,74900,77400
2024-01-31,75400,77900
2024-02-01,76200,78400
2024-02-02,76400,78700
2024-02-03,75900,78300
2024-02-04,75900,78300
2024-02-05,76200,78400
2024-02-06,76500,78700
2024-02-07,76700,78900
2024-02-08,76700,78900
2024-02-09,76700,78900
2024-02-10,76700,78900
2024-02-11,76700,78900
2024-02-12,76700,78900
2024-02-13,76700,78900
2024-02-14,76700,78900
2024-02-15,76050,78000
2024-02-16,76600,78800
2024-02-17,76600,78800
2024-02-18,75800,78400
2024-02-19,75000,77950
2024-02-20,76000,78200
2024-02-21,75800,78000
2024-02-22,76500,78700
2024-02-23,76500,78700
2024-02-24,76500,78700
2024-02-25,76500,78700
2024-02-26,76600,78800
2024-02-27,77000,78950
2024-02-28,77400,79300
2024-02-29,77600,79500
2024-03-01,77900,79800
2024-03-02,78600,81000
2024-03-03,78600,81000
2024-03-04,78800,80700
2024-03-05,78800,80800
2024-03-06,79000,81000
2024-03-07,79800,81800
2024-03-08,79900,81900
2024-03-09,79800,82200
2024-03-10,79800,82200
2024-03-11,80200,82200
2024-03-12,80100,82400
2024-03-13,78000,80500
2024-03-14,79500,81500
2024-03-15,79900,81900
2024-03-16,79700,81700
2024-03-17,79700,81700
2024-03-18,79400,81400
2024-03-19,79500,81500
2024-03-20,79500,81500
2024-03-21,78600,80650
2024-03-22,77600,79700
2024-03-23,78000,80300
2024-03-24,78000,80300
2024-03-25,77800,79800
2024-03-26,78000,80100
2024-03-27,78800,80900
2024-03-28,79100,81100
2024-03-29,78800,80800
2024-03-30,78200,80600
2024-03-31,78200,80600
2024-04-01,78300,80800
2024-04-02,79100,81200
2024-04-03,78900,80900
2024-04-04,79000,81100
2024-04-05,79300,81400
2024-04-06,79500,81900
2024-04-07,79500,81900
2024-04-08,80300,82300
2024-04-09,81900,84700
2024-04-10,82300,84400
2024-04-11,81900,83900
2024-04-12,82500,84500
2024-04-13,80600,83100
2024-04-14,80600,83100
2024-04-15,81800,84100
2024-04-16,81700,83700
2024-04-17,82100,84100
2024-04-18,82100,84100
2024-04-19,81800,83800
2024-04-20,81800,83800
2024-04-21,81800,83800
2024-04-22,80700,83200
2024-04-23,79800,82300
2024-04-24,82300,84300
2024-04-25,82300,84300
2024-04-26,83000,85200
2024-04-27,83000,85200
2024-04-28,83000,85200
2024-04-29,83000,85200
2024-04-30,83000,85200
2024-05-01,83000,85200
2024-05-02,82900,85100
2024-05-03,83500,85800
2024-05-04,83500,85900
2024-05-05,83500,85900
2024-05-06,84300,86500
2024-05-07,85100,87400
2024-05-08,85100,87400
2024-05-09,86800,89100
2024-05-10,89900,92200
2024-05-11,88800,91300
2024-05-12,88800,91300
2024-05-13,87500,90000
2024-05-14,86000,89000
2024-05-15,87700,90100
2024-05-16,87500,90000
2024-05-17,87500,89900
2024-05-18,87700,90200
2024-05-19,87700,90200
2024-05-20,88700,90700
2024-05-21,88400,90400
2024-05-22,88900,90500
2024-05-23,87700,89700
2024-05-24,87500,89400
2024-05-25,87500,89400
2024-05-26,87500,89400
2024-05-27,87700,89500
2024-05-28,88300,90100
2024-05-29,88600,90200
2024-05-30,86000,88400
2024-05-31,83050,85950
2024-06-01,80950,83000
2024-06-02,80950,83000
2024-06-03,77980,79980
2024-06-04,77480,78980
2024-06-05,76480,77980
2024-06-06,74980,76980
2024-06-07,74980,76980
2024-06-08,74980,76980
2024-06-09,74980,76980
2024-06-10,74980,76980
2024-06-11,74980,76980
2024-06-12,74980,76980
2024-06-13,74980,76980
2024-06-14,74980,76980
2024-06-15,74980,76980
2024-06-16,74980,76980
2024-06-17,74980,76980
2024-06-18,74980,76980
2024-06-19,74980,76980
2024-06-20,74980,76980